{
 "type": "FeatureCollection",
 "features": [
  {
   "type": "Feature",
   "id": "0096f8fa-c6b5-450d-9c46-9e802b0e0fbd",
   "properties": {
    "name": "RGV-MX BZ 10",
    "color": "#ff0000",
    "enabled": true,
    "created_at": "2024-08-06T23:34:14.442176",
    "updated_at": "2024-08-06T23:34:14.442179"
   },
   "geometry": {
    "type": "Polygon",
    "coordinates": [
     [
      [
       -98.271894,
       26.095229
      ],
      [
       -98.272182,
       26.094971
      ],
      [
       -98.29401,
       26.073041
      ],
      [
       -98.292752,
       26.07103
      ],
      [
       -98.291407,
       26.069224
      ],
      [
       -98.289933,
       26.067466
      ],
      [
       -98.287861,
       26.065274
      ],
      [
       -98.285442,
       26.063158
      ],
      [
       -98.280943,
       26.060046
      ],
      [
       -98.278511,
       26.058733
      ],
      [
       -98.276769,
       26.056345
      ],
      [
       -98.274177,
       26.053442
      ],
      [
       -98.271862,
       26.051269
      ],
      [
       -98.268747,
       26.048951
      ],
      [
       -98.26468,
       26.046601
      ],
      [
       -98.259807,
       26.044595
      ],
      [
       -98.255645,
       26.043533
      ],
      [
       -98.249621,
       26.042773
      ],
      [
       -98.241912,
       26.04324
      ],
      [
       -98.237033,
       26.044254
      ],
      [
       -98.232278,
       26.045892
      ],
      [
       -98.228196,
       26.043475
      ],
      [
       -98.224048,
       26.037652
      ],
      [
       -98.220222,
       26.033765
      ],
      [
       -98.215198,
       26.030275
      ],
      [
       -98.211448,
       26.028284
      ],
      [
       -98.210155,
       26.036258
      ],
      [
       -98.205171,
       26.066737
      ],
      [
       -98.205628,
       26.067097
      ],
      [
       -98.20651,
       26.067521
      ],
      [
       -98.207145,
       26.067697
      ],
      [
       -98.207749,
       26.067864
      ],
      [
       -98.208644,
       26.06802
      ],
      [
       -98.209536,
       26.068072
      ],
      [
       -98.210536,
       26.06818
      ],
      [
       -98.211303,
       26.068335
      ],
      [
       -98.21215,
       26.068648
      ],
      [
       -98.212825,
       26.068983
      ],
      [
       -98.213532,
       26.06956
      ],
      [
       -98.214321,
       26.070322
      ],
      [
       -98.215063,
       26.071731
      ],
      [
       -98.215498,
       26.072538
      ],
      [
       -98.216563,
       26.074
      ],
      [
       -98.218334,
       26.07543
      ],
      [
       -98.219357,
       26.075914
      ],
      [
       -98.220461,
       26.076313
      ],
      [
       -98.222007,
       26.076712
      ],
      [
       -98.224036,
       26.077104
      ],
      [
       -98.226086,
       26.077284
      ],
      [
       -98.228174,
       26.077355
      ],
      [
       -98.230085,
       26.077188
      ],
      [
       -98.23173,
       26.076899
      ],
      [
       -98.233838,
       26.076297
      ],
      [
       -98.23663,
       26.075687
      ],
      [
       -98.238867,
       26.075323
      ],
      [
       -98.240769,
       26.074884
      ],
      [
       -98.242176,
       26.074524
      ],
      [
       -98.2431,
       26.074067
      ],
      [
       -98.244107,
       26.073351
      ],
      [
       -98.245233,
       26.072542
      ],
      [
       -98.245838,
       26.072207
      ],
      [
       -98.247078,
       26.071935
      ],
      [
       -98.247907,
       26.07178
      ],
      [
       -98.248603,
       26.071862
      ],
      [
       -98.249189,
       26.07208
      ],
      [
       -98.249816,
       26.072441
      ],
      [
       -98.250522,
       26.073103
      ],
      [
       -98.251172,
       26.074002
      ],
      [
       -98.251366,
       26.074768
      ],
      [
       -98.251408,
       26.075986
      ],
      [
       -98.251382,
       26.076936
      ],
      [
       -98.251216,
       26.077944
      ],
      [
       -98.251342,
       26.07836
      ],
      [
       -98.251842,
       26.079083
      ],
      [
       -98.252464,
       26.079513
      ],
      [
       -98.254448,
       26.080549
      ],
      [
       -98.255812,
       26.081134
      ],
      [
       -98.257931,
       26.082063
      ],
      [
       -98.259238,
       26.082644
      ],
      [
       -98.26019,
       26.083051
      ],
      [
       -98.261434,
       26.083504
      ],
      [
       -98.261443,
       26.083514
      ],
      [
       -98.262362,
       26.083882
      ],
      [
       -98.26356,
       26.084432
      ],
      [
       -98.264116,
       26.084855
      ],
      [
       -98.264128,
       26.084867
      ],
      [
       -98.264785,
       26.085544
      ],
      [
       -98.2653,
       26.086238
      ],
      [
       -98.26563,
       26.087132
      ],
      [
       -98.265703,
       26.088568
      ],
      [
       -98.265874,
       26.089709
      ],
      [
       -98.266281,
       26.090717
      ],
      [
       -98.266823,
       26.091617
      ],
      [
       -98.267265,
       26.092205
      ],
      [
       -98.267995,
       26.092912
      ],
      [
       -98.270137,
       26.094294
      ],
      [
       -98.271894,
       26.095229
      ]
     ]
    ]
   }
  },
  {
   "type": "Feature",
   "id": "019c979d-4f4c-7724-ac32-b00e4f0eb8aa",
   "properties": {
    "name": "Nogales-TCA-BZ-019",
    "color": "#ff0000",
    "enabled": true,
    "created_at": "2026-02-26T01:43:15.020702",
    "updated_at": "2026-02-26T01:43:15.020707"
   },
   "geometry": {
    "type": "Polygon",
    "coordinates": [
     [
      [
       -111.125,
       31.379544
      ],
      [
       -111.125,
       31.375
      ],
      [
       -111.125017,
       31.348531
      ],
      [
       -111.134286,
       31.35153
      ],
      [
       -111.170325,
       31.363131
      ],
      [
       -111.226285,
       31.381138
      ],
      [
       -111.25,
       31.388751
      ],
      [
       -111.25,
       31.4
      ],
      [
       -111.25,
       31.419741
      ],
      [
       -111.125,
       31.379544
      ]
     ]
    ]
   }
  },
  {
   "type": "Feature",
   "id": "019c979d-d857-70e4-a341-b36760c3bf38",
   "properties": {
    "name": "Nogales-TCA-BZ-020",
    "color": "#ff0000",
    "enabled": true,
    "created_at": "2026-02-26T01:43:50.103565",
    "updated_at": "2026-02-26T01:43:50.103570"
   },
   "geometry": {
    "type": "Polygon",
    "coordinates": [
     [
      [
       -111,
       31.361601
      ],
      [
       -111,
       31.35
      ],
      [
       -111,
       31.343843
      ],
      [
       -111,
       31.332596
      ],
      [
       -111,
       31.332566
      ],
      [
       -111.026247,
       31.332489
      ],
      [
       -111.072548,
       31.332349
      ],
      [
       -111.074983,
       31.332345
      ],
      [
       -111.07887,
       31.333599
      ],
      [
       -111.125017,
       31.348531
      ],
      [
       -111.125,
       31.375
      ],
      [
       -111.125,
       31.379544
      ],
      [
       -111.122386,
       31.378703
      ],
      [
       -111.068884,
       31.361395
      ],
      [
       -111.026373,
       31.361522
      ],
      [
       -111,
       31.361601
      ]
     ]
    ]
   }
  },
  {
   "type": "Feature",
   "id": "019c979e-95d0-764d-9466-39f934f16ad2",
   "properties": {
    "name": "Nogales-TCA-BZ-021",
    "color": "#ff0000",
    "enabled": true,
    "created_at": "2026-02-26T01:44:38.608788",
    "updated_at": "2026-02-26T01:44:38.608793"
   },
   "geometry": {
    "type": "Polygon",
    "coordinates": [
     [
      [
       -110.875,
       31.333446
      ],
      [
       -110.901749,
       31.333155
      ],
      [
       -110.927686,
       31.332879
      ],
      [
       -110.93897,
       31.332756
      ],
      [
       -110.941668,
       31.332737
      ],
      [
       -110.947197,
       31.332727
      ],
      [
       -110.952137,
       31.332706
      ],
      [
       -110.958414,
       31.332694
      ],
      [
       -110.96186,
       31.332683
      ],
      [
       -110.975937,
       31.332643
      ],
      [
       -110.981742,
       31.332621
      ],
      [
       -110.994037,
       31.332584
      ],
      [
       -111,
       31.332566
      ],
      [
       -111,
       31.332596
      ],
      [
       -111,
       31.343843
      ],
      [
       -111,
       31.35
      ],
      [
       -111,
       31.361601
      ],
      [
       -110.958549,
       31.361724
      ],
      [
       -110.939263,
       31.361792
      ],
      [
       -110.875,
       31.362483
      ],
      [
       -110.875,
       31.35
      ],
      [
       -110.875,
       31.333446
      ]
     ]
    ]
   }
  },
  {
   "type": "Feature",
   "id": "019c979f-0a53-74b6-a411-ff97836678da",
   "properties": {
    "name": "Nogales-TCA-BZ-022",
    "color": "#ff0000",
    "enabled": true,
    "created_at": "2026-02-26T01:45:08.435458",
    "updated_at": "2026-08-15T02:27:39.996560"
   },
   "geometry": {
    "type": "Polygon",
    "coordinates": [
     [
      [
       -110.75,
       31.362465
      ],
      [
       -110.75,
       31.35
      ],
      [
       -110.749996,
       31.333428
      ],
      [
       -110.784642,
       31.333541
      ],
      [
       -110.828159,
       31.333683
      ],
      [
       -110.845005,
       31.333735
      ],
      [
       -110.847749,
       31.333739
      ],
      [
       -110.853034,
       31.333685
      ],
      [
       -110.875,
       31.333446
      ],
      [
       -110.875,
       31.35
      ],
      [
       -110.875,
       31.362483
      ],
      [
       -110.853446,
       31.362715
      ],
      [
       -110.85327,
       31.362717
      ],
      [
       -110.845244,
       31.362764
      ],
      [
       -110.845012,
       31.362765
      ],
      [
       -110.844898,
       31.362765
      ],
      [
       -110.828052,
       31.362715
      ],
      [
       -110.784522,
       31.362577
      ],
      [
       -110.75,
       31.362465
      ]
     ]
    ]
   }
  },
  {
   "type": "Feature",
   "id": "019c979f-ac5e-76cb-a25a-3acd25959e38",
   "properties": {
    "name": "Nogales-TCA-MX-BZ-019",
    "color": "#ff0000",
    "enabled": true,
    "created_at": "2026-02-26T01:45:49.918959",
    "updated_at": "2026-02-26T01:45:49.918965"
   },
   "geometry": {
    "type": "Polygon",
    "coordinates": [
     [
      [
       -111.125017,
       31.348531
      ],
      [
       -111.134102,
       31.320446
      ],
      [
       -111.146197,
       31.324358
      ],
      [
       -111.259038,
       31.360643
      ],
      [
       -111.25,
       31.388751
      ],
      [
       -111.226285,
       31.381138
      ],
      [
       -111.170325,
       31.363131
      ],
      [
       -111.134286,
       31.35153
      ],
      [
       -111.125017,
       31.348531
      ]
     ]
    ]
   }
  },
  {
   "type": "Feature",
   "id": "019c97a0-36ff-72b7-a7c5-9924f9e0b53e",
   "properties": {
    "name": "Nogales-TCA-MX-BZ-020",
    "color": "#ff0000",
    "enabled": true,
    "created_at": "2026-02-26T01:46:25.407548",
    "updated_at": "2026-02-26T01:46:25.407554"
   },
   "geometry": {
    "type": "Polygon",
    "coordinates": [
     [
      [
       -111,
       31.332566
      ],
      [
       -110.999914,
       31.303541
      ],
      [
       -111.026134,
       31.303463
      ],
      [
       -111.074865,
       31.303317
      ],
      [
       -111.07499,
       31.303316
      ],
      [
       -111.076465,
       31.303344
      ],
      [
       -111.077937,
       31.303427
      ],
      [
       -111.079403,
       31.303565
      ],
      [
       -111.080861,
       31.303757
      ],
      [
       -111.082308,
       31.304004
      ],
      [
       -111.083741,
       31.304305
      ],
      [
       -111.085157,
       31.30466
      ],
      [
       -111.086554,
       31.305067
      ],
      [
       -111.086924,
       31.305184
      ],
      [
       -111.134102,
       31.320446
      ],
      [
       -111.125017,
       31.348531
      ],
      [
       -111.07887,
       31.333599
      ],
      [
       -111.074983,
       31.332345
      ],
      [
       -111.072548,
       31.332349
      ],
      [
       -111.026247,
       31.332489
      ],
      [
       -111,
       31.332566
      ]
     ]
    ]
   }
  },
  {
   "type": "Feature",
   "id": "019c97a0-b1a9-73db-a0f7-866fc179867a",
   "properties": {
    "name": "Nogales-TCA-MX-BZ-021",
    "color": "#ff0000",
    "enabled": true,
    "created_at": "2026-02-26T01:46:56.809398",
    "updated_at": "2026-02-26T01:46:56.809404"
   },
   "geometry": {
    "type": "Polygon",
    "coordinates": [
     [
      [
       -110.874688,
       31.304422
      ],
      [
       -110.938546,
       31.303735
      ],
      [
       -110.938848,
       31.303733
      ],
      [
       -110.958294,
       31.303665
      ],
      [
       -110.999914,
       31.303541
      ],
      [
       -111,
       31.332566
      ],
      [
       -110.994037,
       31.332584
      ],
      [
       -110.981742,
       31.332621
      ],
      [
       -110.975937,
       31.332643
      ],
      [
       -110.96186,
       31.332683
      ],
      [
       -110.958414,
       31.332694
      ],
      [
       -110.952137,
       31.332706
      ],
      [
       -110.947197,
       31.332727
      ],
      [
       -110.941668,
       31.332737
      ],
      [
       -110.93897,
       31.332756
      ],
      [
       -110.927686,
       31.332879
      ],
      [
       -110.901749,
       31.333155
      ],
      [
       -110.875,
       31.333446
      ],
      [
       -110.874688,
       31.304422
      ]
     ]
    ]
   }
  },
  {
   "type": "Feature",
   "id": "019c97a1-2fd9-77be-b85d-06ddfc9015fd",
   "properties": {
    "name": "Nogales-TCA-MX-BZ-022",
    "color": "#ff0000",
    "enabled": true,
    "created_at": "2026-02-26T01:47:29.113937",
    "updated_at": "2026-02-26T01:47:29.113942"
   },
   "geometry": {
    "type": "Polygon",
    "coordinates": [
     [
      [
       -110.749996,
       31.333428
      ],
      [
       -110.750091,
       31.304405
      ],
      [
       -110.784767,
       31.304518
      ],
      [
       -110.828289,
       31.304655
      ],
      [
       -110.844954,
       31.304705
      ],
      [
       -110.852707,
       31.304659
      ],
      [
       -110.874688,
       31.304422
      ],
      [
       -110.875,
       31.333446
      ],
      [
       -110.853034,
       31.333685
      ],
      [
       -110.847749,
       31.333739
      ],
      [
       -110.845005,
       31.333735
      ],
      [
       -110.828159,
       31.333683
      ],
      [
       -110.784642,
       31.333541
      ],
      [
       -110.749996,
       31.333428
      ]
     ]
    ]
   }
  },
  {
   "type": "Feature",
   "id": "019e2832-6c13-77bb-9a1c-63000b89202a",
   "properties": {
    "name": "OFO-San Diego- CBX",
    "color": "#ff0000",
    "enabled": true,
    "created_at": "2026-05-14T20:34:13.651232",
    "updated_at": "2026-05-14T20:34:13.651237"
   },
   "geometry": {
    "type": "Polygon",
    "coordinates": [
     [
      [
       -116.977206,
       32.55358
      ],
      [
       -116.969581,
       32.55358
      ],
      [
       -116.969399,
       32.546426
      ],
      [
       -116.977297,
       32.546005
      ],
      [
       -116.977206,
       32.55358
      ]
     ]
    ]
   }
  },
  {
   "type": "Feature",
   "id": "0ae093a8-d767-4087-a8fe-23f2a51eaeb4",
   "properties": {
    "name": "RGV-MCS 26",
    "color": "#ff0000",
    "enabled": true,
    "created_at": "2024-08-06T21:21:23.439564",
    "updated_at": "2024-08-06T21:21:23.439567"
   },
   "geometry": {
    "type": "Polygon",
    "coordinates": [
     [
      [
       -98.48518,
       26.248909
      ],
      [
       -98.484711,
       26.248894
      ],
      [
       -98.48436,
       26.248839
      ],
      [
       -98.481732,
       26.248476
      ],
      [
       -98.478802,
       26.248072
      ],
      [
       -98.476794,
       26.247898
      ],
      [
       -98.474119,
       26.247714
      ],
      [
       -98.47061,
       26.247247
      ],
      [
       -98.466832,
       26.246737
      ],
      [
       -98.462897,
       26.246195
      ],
      [
       -98.458299,
       26.245578
      ],
      [
       -98.454537,
       26.245048
      ],
      [
       -98.450036,
       26.244447
      ],
      [
       -98.446327,
       26.243941
      ],
      [
       -98.441361,
       26.243261
      ],
      [
       -98.431266,
       26.241886
      ],
      [
       -98.426639,
       26.241244
      ],
      [
       -98.424177,
       26.240622
      ],
      [
       -98.420336,
       26.24002
      ],
      [
       -98.415794,
       26.23936
      ],
      [
       -98.416723,
       26.240578
      ],
      [
       -98.421098,
       26.244947
      ],
      [
       -98.427892,
       26.249385
      ],
      [
       -98.434567,
       26.252031
      ],
      [
       -98.442875,
       26.25345
      ],
      [
       -98.448366,
       26.253446
      ],
      [
       -98.454721,
       26.254924
      ],
      [
       -98.460961,
       26.25533
      ],
      [
       -98.467858,
       26.254661
      ],
      [
       -98.473286,
       26.25328
      ],
      [
       -98.477713,
       26.25149
      ],
      [
       -98.481482,
       26.249305
      ],
      [
       -98.48518,
       26.248909
      ]
     ]
    ]
   }
  },
  {
   "type": "Feature",
   "id": "26543d33-d77c-4c28-b09e-ba12365fe21b",
   "properties": {
    "name": "RGV-MX BZ 1",
    "color": "#ff0000",
    "enabled": true,
    "created_at": "2024-08-06T21:36:32.159990",
    "updated_at": "2024-08-06T21:36:32.159993"
   },
   "geometry": {
    "type": "Polygon",
    "coordinates": [
     [
      [
       -99.169233,
       26.571741
      ],
      [
       -99.200943,
       26.56191
      ],
      [
       -99.203751,
       26.552681
      ],
      [
       -99.204158,
       26.541842
      ],
      [
       -99.199999,
       26.528845
      ],
      [
       -99.192069,
       26.517388
      ],
      [
       -99.181593,
       26.510329
      ],
      [
       -99.169916,
       26.505799
      ],
      [
       -99.153887,
       26.500556
      ],
      [
       -99.14542,
       26.498719
      ],
      [
       -99.135505,
       26.487358
      ],
      [
       -99.128931,
       26.47775
      ],
      [
       -99.127819,
       26.475158
      ],
      [
       -99.131782,
       26.466112
      ],
      [
       -99.133091,
       26.457937
      ],
      [
       -99.139605,
       26.451635
      ],
      [
       -99.144471,
       26.443086
      ],
      [
       -99.145871,
       26.431418
      ],
      [
       -99.143632,
       26.421547
      ],
      [
       -99.13949,
       26.412646
      ],
      [
       -99.132905,
       26.404997
      ],
      [
       -99.12714,
       26.400643
      ],
      [
       -99.124304,
       26.397296
      ],
      [
       -99.115459,
       26.388579
      ],
      [
       -99.109903,
       26.379954
      ],
      [
       -99.100027,
       26.372338
      ],
      [
       -99.089719,
       26.368478
      ],
      [
       -99.078146,
       26.36754
      ],
      [
       -99.066569,
       26.368081
      ],
      [
       -99.053947,
       26.369285
      ],
      [
       -99.044545,
       26.372986
      ],
      [
       -99.038591,
       26.376089
      ],
      [
       -99.034628,
       26.38722
      ],
      [
       -99.026462,
       26.409684
      ],
      [
       -99.026396,
       26.409803
      ],
      [
       -99.026802,
       26.409937
      ],
      [
       -99.027076,
       26.410102
      ],
      [
       -99.027449,
       26.410272
      ],
      [
       -99.027943,
       26.410521
      ],
      [
       -99.028538,
       26.410813
      ],
      [
       -99.029288,
       26.411396
      ],
      [
       -99.029861,
       26.411904
      ],
      [
       -99.030301,
       26.412193
      ],
      [
       -99.031024,
       26.412391
      ],
      [
       -99.03185,
       26.412604
      ],
      [
       -99.032698,
       26.412784
      ],
      [
       -99.034055,
       26.413112
      ],
      [
       -99.035041,
       26.413348
      ],
      [
       -99.035817,
       26.413486
      ],
      [
       -99.038358,
       26.413362
      ],
      [
       -99.039959,
       26.413012
      ],
      [
       -99.040787,
       26.412636
      ],
      [
       -99.041752,
       26.412216
      ],
      [
       -99.043399,
       26.411262
      ],
      [
       -99.044639,
       26.410552
      ],
      [
       -99.04543,
       26.410092
      ],
      [
       -99.045994,
       26.409587
      ],
      [
       -99.046452,
       26.40881
      ],
      [
       -99.046974,
       26.407986
      ],
      [
       -99.047848,
       26.407078
      ],
      [
       -99.049514,
       26.405769
      ],
      [
       -99.050866,
       26.404616
      ],
      [
       -99.051725,
       26.403817
      ],
      [
       -99.052658,
       26.402932
      ],
      [
       -99.053239,
       26.402247
      ],
      [
       -99.05389,
       26.401735
      ],
      [
       -99.055206,
       26.400998
      ],
      [
       -99.056533,
       26.400314
      ],
      [
       -99.057337,
       26.399865
      ],
      [
       -99.05934,
       26.39891
      ],
      [
       -99.06062,
       26.398305
      ],
      [
       -99.061486,
       26.397729
      ],
      [
       -99.062199,
       26.397363
      ],
      [
       -99.063306,
       26.39724
      ],
      [
       -99.064409,
       26.397156
      ],
      [
       -99.065444,
       26.397162
      ],
      [
       -99.065953,
       26.397259
      ],
      [
       -99.067901,
       26.397476
      ],
      [
       -99.069338,
       26.397572
      ],
      [
       -99.070982,
       26.397517
      ],
      [
       -99.072388,
       26.397344
      ],
      [
       -99.073067,
       26.397266
      ],
      [
       -99.074145,
       26.396941
      ],
      [
       -99.075268,
       26.396906
      ],
      [
       -99.076681,
       26.39697
      ],
      [
       -99.077413,
       26.397055
      ],
      [
       -99.078319,
       26.397261
      ],
      [
       -99.078917,
       26.397258
      ],
      [
       -99.079554,
       26.397263
      ],
      [
       -99.080171,
       26.397102
      ],
      [
       -99.080697,
       26.396858
      ],
      [
       -99.081225,
       26.396588
      ],
      [
       -99.081436,
       26.396555
      ],
      [
       -99.081884,
       26.396663
      ],
      [
       -99.082305,
       26.396846
      ],
      [
       -99.082889,
       26.397004
      ],
      [
       -99.083502,
       26.397254
      ],
      [
       -99.083935,
       26.397456
      ],
      [
       -99.084379,
       26.39775
      ],
      [
       -99.084393,
       26.397751
      ],
      [
       -99.084842,
       26.39808
      ],
      [
       -99.085342,
       26.398753
      ],
      [
       -99.085526,
       26.399166
      ],
      [
       -99.085681,
       26.399549
      ],
      [
       -99.085924,
       26.400158
      ],
      [
       -99.086104,
       26.400578
      ],
      [
       -99.086075,
       26.400774
      ],
      [
       -99.086501,
       26.401856
      ],
      [
       -99.086656,
       26.402264
      ],
      [
       -99.086842,
       26.403102
      ],
      [
       -99.087003,
       26.403588
      ],
      [
       -99.087183,
       26.404093
      ],
      [
       -99.087754,
       26.404594
      ],
      [
       -99.088017,
       26.405329
      ],
      [
       -99.088322,
       26.406369
      ],
      [
       -99.088924,
       26.407516
      ],
      [
       -99.089372,
       26.408032
      ],
      [
       -99.090009,
       26.408584
      ],
      [
       -99.091198,
       26.409338
      ],
      [
       -99.091578,
       26.409538
      ],
      [
       -99.092643,
       26.410219
      ],
      [
       -99.09333,
       26.410428
      ],
      [
       -99.094292,
       26.410861
      ],
      [
       -99.095017,
       26.411118
      ],
      [
       -99.095858,
       26.411612
      ],
      [
       -99.096649,
       26.412324
      ],
      [
       -99.097138,
       26.412958
      ],
      [
       -99.097541,
       26.413637
      ],
      [
       -99.098034,
       26.414829
      ],
      [
       -99.098388,
       26.41539
      ],
      [
       -99.098813,
       26.415972
      ],
      [
       -99.099158,
       26.41666
      ],
      [
       -99.0994,
       26.417127
      ],
      [
       -99.099796,
       26.417504
      ],
      [
       -99.100491,
       26.417973
      ],
      [
       -99.101388,
       26.41858
      ],
      [
       -99.102687,
       26.419739
      ],
      [
       -99.103987,
       26.420854
      ],
      [
       -99.104882,
       26.421759
      ],
      [
       -99.1053,
       26.422406
      ],
      [
       -99.105699,
       26.42316
      ],
      [
       -99.106095,
       26.423575
      ],
      [
       -99.106723,
       26.424012
      ],
      [
       -99.107324,
       26.424401
      ],
      [
       -99.108321,
       26.425137
      ],
      [
       -99.109164,
       26.42559
      ],
      [
       -99.109489,
       26.425769
      ],
      [
       -99.110237,
       26.426203
      ],
      [
       -99.110817,
       26.426286
      ],
      [
       -99.11107,
       26.426408
      ],
      [
       -99.111619,
       26.42778
      ],
      [
       -99.112259,
       26.429318
      ],
      [
       -99.112763,
       26.430383
      ],
      [
       -99.113087,
       26.431114
      ],
      [
       -99.11363,
       26.432641
      ],
      [
       -99.113737,
       26.432952
      ],
      [
       -99.113752,
       26.433362
      ],
      [
       -99.113773,
       26.433644
      ],
      [
       -99.113731,
       26.434264
      ],
      [
       -99.113492,
       26.434735
      ],
      [
       -99.113065,
       26.435105
      ],
      [
       -99.112018,
       26.435666
      ],
      [
       -99.111011,
       26.43601
      ],
      [
       -99.110366,
       26.436194
      ],
      [
       -99.109367,
       26.436592
      ],
      [
       -99.108178,
       26.437231
      ],
      [
       -99.107049,
       26.437835
      ],
      [
       -99.105155,
       26.439059
      ],
      [
       -99.104334,
       26.439838
      ],
      [
       -99.104328,
       26.439842
      ],
      [
       -99.103837,
       26.440495
      ],
      [
       -99.103347,
       26.44103
      ],
      [
       -99.10305,
       26.44156
      ],
      [
       -99.10304,
       26.441582
      ],
      [
       -99.102699,
       26.442237
      ],
      [
       -99.102426,
       26.44308
      ],
      [
       -99.102458,
       26.443614
      ],
      [
       -99.102547,
       26.444374
      ],
      [
       -99.102518,
       26.445876
      ],
      [
       -99.102575,
       26.446236
      ],
      [
       -99.102563,
       26.446973
      ],
      [
       -99.102507,
       26.447661
      ],
      [
       -99.102423,
       26.448064
      ],
      [
       -99.102297,
       26.448373
      ],
      [
       -99.102044,
       26.448734
      ],
      [
       -99.1016,
       26.449212
      ],
      [
       -99.101195,
       26.44953
      ],
      [
       -99.100995,
       26.449938
      ],
      [
       -99.100831,
       26.45026
      ],
      [
       -99.100756,
       26.450497
      ],
      [
       -99.100609,
       26.451156
      ],
      [
       -99.100431,
       26.451584
      ],
      [
       -99.10015,
       26.452561
      ],
      [
       -99.100064,
       26.453389
      ],
      [
       -99.100039,
       26.454243
      ],
      [
       -99.100141,
       26.454827
      ],
      [
       -99.100321,
       26.455356
      ],
      [
       -99.100642,
       26.455978
      ],
      [
       -99.100719,
       26.45643
      ],
      [
       -99.100766,
       26.457215
      ],
      [
       -99.100774,
       26.457661
      ],
      [
       -99.100644,
       26.458287
      ],
      [
       -99.10049,
       26.458865
      ],
      [
       -99.100342,
       26.459289
      ],
      [
       -99.100004,
       26.459988
      ],
      [
       -99.099835,
       26.460378
      ],
      [
       -99.09984,
       26.460378
      ],
      [
       -99.099652,
       26.460872
      ],
      [
       -99.099221,
       26.461716
      ],
      [
       -99.098725,
       26.462391
      ],
      [
       -99.098232,
       26.463009
      ],
      [
       -99.09756,
       26.463912
      ],
      [
       -99.096584,
       26.464918
      ],
      [
       -99.095575,
       26.466009
      ],
      [
       -99.094861,
       26.466731
      ],
      [
       -99.094244,
       26.467534
      ],
      [
       -99.093635,
       26.468538
      ],
      [
       -99.093145,
       26.469472
      ],
      [
       -99.092574,
       26.470728
      ],
      [
       -99.092415,
       26.47132
      ],
      [
       -99.092267,
       26.472318
      ],
      [
       -99.092061,
       26.473884
      ],
      [
       -99.092025,
       26.474808
      ],
      [
       -99.091741,
       26.47536
      ],
      [
       -99.091681,
       26.475626
      ],
      [
       -99.091674,
       26.475635
      ],
      [
       -99.09164,
       26.475885
      ],
      [
       -99.091705,
       26.476171
      ],
      [
       -99.091934,
       26.476691
      ],
      [
       -99.09208,
       26.477005
      ],
      [
       -99.092298,
       26.477359
      ],
      [
       -99.092731,
       26.478183
      ],
      [
       -99.093258,
       26.478841
      ],
      [
       -99.093779,
       26.479506
      ],
      [
       -99.094025,
       26.479839
      ],
      [
       -99.094567,
       26.480501
      ],
      [
       -99.09538,
       26.481485
      ],
      [
       -99.095759,
       26.481969
      ],
      [
       -99.096129,
       26.483215
      ],
      [
       -99.097013,
       26.484687
      ],
      [
       -99.097575,
       26.485696
      ],
      [
       -99.098254,
       26.487124
      ],
      [
       -99.098424,
       26.487481
      ],
      [
       -99.098991,
       26.488685
      ],
      [
       -99.099803,
       26.490146
      ],
      [
       -99.100606,
       26.491893
      ],
      [
       -99.101178,
       26.493102
      ],
      [
       -99.101646,
       26.49413
      ],
      [
       -99.102301,
       26.495006
      ],
      [
       -99.103149,
       26.496211
      ],
      [
       -99.10347,
       26.496933
      ],
      [
       -99.103783,
       26.498071
      ],
      [
       -99.104493,
       26.499298
      ],
      [
       -99.105413,
       26.500699
      ],
      [
       -99.106118,
       26.501607
      ],
      [
       -99.106813,
       26.502483
      ],
      [
       -99.107279,
       26.503003
      ],
      [
       -99.108292,
       26.503802
      ],
      [
       -99.109761,
       26.505204
      ],
      [
       -99.111188,
       26.506589
      ],
      [
       -99.112261,
       26.508046
      ],
      [
       -99.112438,
       26.508367
      ],
      [
       -99.112528,
       26.508719
      ],
      [
       -99.112885,
       26.509375
      ],
      [
       -99.113563,
       26.510313
      ],
      [
       -99.11456,
       26.511388
      ],
      [
       -99.114933,
       26.51171
      ],
      [
       -99.116187,
       26.513165
      ],
      [
       -99.116908,
       26.514181
      ],
      [
       -99.117158,
       26.514615
      ],
      [
       -99.117607,
       26.515519
      ],
      [
       -99.117893,
       26.515935
      ],
      [
       -99.118541,
       26.5165
      ],
      [
       -99.12016,
       26.517598
      ],
      [
       -99.121215,
       26.518279
      ],
      [
       -99.121983,
       26.518877
      ],
      [
       -99.123263,
       26.520454
      ],
      [
       -99.124215,
       26.521231
      ],
      [
       -99.125021,
       26.52193
      ],
      [
       -99.125902,
       26.522753
      ],
      [
       -99.12695,
       26.524233
      ],
      [
       -99.127875,
       26.525253
      ],
      [
       -99.128454,
       26.525606
      ],
      [
       -99.128893,
       26.525751
      ],
      [
       -99.129391,
       26.525758
      ],
      [
       -99.130041,
       26.525705
      ],
      [
       -99.131267,
       26.525922
      ],
      [
       -99.132577,
       26.526033
      ],
      [
       -99.134207,
       26.526127
      ],
      [
       -99.135224,
       26.526243
      ],
      [
       -99.135859,
       26.526547
      ],
      [
       -99.136443,
       26.526956
      ],
      [
       -99.136887,
       26.527244
      ],
      [
       -99.137836,
       26.527469
      ],
      [
       -99.138831,
       26.52748
      ],
      [
       -99.139701,
       26.527686
      ],
      [
       -99.139977,
       26.527745
      ],
      [
       -99.141021,
       26.527805
      ],
      [
       -99.141891,
       26.527784
      ],
      [
       -99.142888,
       26.527925
      ],
      [
       -99.144122,
       26.528226
      ],
      [
       -99.145063,
       26.528467
      ],
      [
       -99.148031,
       26.529494
      ],
      [
       -99.148878,
       26.529705
      ],
      [
       -99.15123,
       26.530542
      ],
      [
       -99.152472,
       26.531428
      ],
      [
       -99.15378,
       26.531941
      ],
      [
       -99.154227,
       26.531927
      ],
      [
       -99.155054,
       26.532026
      ],
      [
       -99.15585,
       26.532299
      ],
      [
       -99.156311,
       26.532281
      ],
      [
       -99.15668,
       26.532362
      ],
      [
       -99.156921,
       26.532441
      ],
      [
       -99.157252,
       26.532723
      ],
      [
       -99.15777,
       26.533025
      ],
      [
       -99.160526,
       26.534424
      ],
      [
       -99.161126,
       26.534591
      ],
      [
       -99.161632,
       26.534523
      ],
      [
       -99.162587,
       26.534241
      ],
      [
       -99.162969,
       26.534212
      ],
      [
       -99.163271,
       26.534273
      ],
      [
       -99.164771,
       26.535119
      ],
      [
       -99.165517,
       26.535667
      ],
      [
       -99.1667,
       26.536044
      ],
      [
       -99.167494,
       26.536455
      ],
      [
       -99.16795,
       26.536761
      ],
      [
       -99.168686,
       26.537606
      ],
      [
       -99.169042,
       26.538161
      ],
      [
       -99.169397,
       26.538627
      ],
      [
       -99.170085,
       26.539775
      ],
      [
       -99.170497,
       26.540645
      ],
      [
       -99.170628,
       26.541041
      ],
      [
       -99.170878,
       26.541417
      ],
      [
       -99.171371,
       26.542358
      ],
      [
       -99.171634,
       26.543214
      ],
      [
       -99.171734,
       26.543913
      ],
      [
       -99.171956,
       26.544471
      ],
      [
       -99.172012,
       26.545251
      ],
      [
       -99.171939,
       26.546808
      ],
      [
       -99.171708,
       26.548533
      ],
      [
       -99.171472,
       26.549636
      ],
      [
       -99.171291,
       26.550343
      ],
      [
       -99.171025,
       26.550845
      ],
      [
       -99.170567,
       26.552021
      ],
      [
       -99.170327,
       26.552339
      ],
      [
       -99.169816,
       26.553536
      ],
      [
       -99.169317,
       26.554737
      ],
      [
       -99.168948,
       26.55527
      ],
      [
       -99.168787,
       26.555579
      ],
      [
       -99.168472,
       26.556095
      ],
      [
       -99.168216,
       26.557004
      ],
      [
       -99.167838,
       26.557779
      ],
      [
       -99.167035,
       26.559583
      ],
      [
       -99.169233,
       26.571741
      ]
     ]
    ]
   }
  },
  {
   "type": "Feature",
   "id": "26f8177c-cc4d-4196-bf10-aad48c7c22c8",
   "properties": {
    "name": "SYS-US",
    "color": "#ff0000",
    "enabled": true,
    "created_at": "2025-04-23T15:59:08.639673",
    "updated_at": "2025-04-23T15:59:08.639676"
   },
   "geometry": {
    "type": "Polygon",
    "coordinates": [
     [
      [
       -117.036563,
       32.541884
      ],
      [
       -117.036563,
       32.544001
      ],
      [
       -117.028946,
       32.545222
      ],
      [
       -117.026811,
       32.542698
      ],
      [
       -117.036563,
       32.541884
      ]
     ]
    ]
   }
  },
  {
   "type": "Feature",
   "id": "29998fcb-3898-4f94-a66a-e4b3e0f4c673",
   "properties": {
    "name": "IMB",
    "color": "#ff0000",
    "enabled": true,
    "created_at": "2025-02-18T20:19:07.135459",
    "updated_at": "2025-02-18T20:19:07.135462"
   },
   "geometry": {
    "type": "Polygon",
    "coordinates": [
     [
      [
       -117.13342,
       32.569004
      ],
      [
       -117.131445,
       32.557647
      ],
      [
       -117.12621,
       32.545529
      ],
      [
       -117.124064,
       32.53435
      ],
      [
       -117.066432,
       32.539334
      ],
      [
       -117.029908,
       32.54249
      ],
      [
       -117.039649,
       32.549978
      ],
      [
       -117.041795,
       32.554681
      ],
      [
       -117.042353,
       32.558768
      ],
      [
       -117.040508,
       32.567955
      ],
      [
       -117.04834,
       32.568044
      ],
      [
       -117.04834,
       32.568046
      ],
      [
       -117.066033,
       32.568245
      ],
      [
       -117.092285,
       32.568543
      ],
      [
       -117.092285,
       32.568541
      ],
      [
       -117.13342,
       32.569004
      ]
     ]
    ]
   }
  },
  {
   "type": "Feature",
   "id": "29c75b55-b60e-418c-af6f-fc1ffb799e29",
   "properties": {
    "name": "RGV-WSL 011",
    "color": "#ff0000",
    "enabled": true,
    "created_at": "2024-08-06T21:02:10.887641",
    "updated_at": "2024-08-06T21:02:10.887644"
   },
   "geometry": {
    "type": "Polygon",
    "coordinates": [
     [
      [
       -98.200108,
       26.099226
      ],
      [
       -98.202122,
       26.087802
      ],
      [
       -98.201928,
       26.086073
      ],
      [
       -98.203108,
       26.079036
      ],
      [
       -98.205195,
       26.066753
      ],
      [
       -98.202754,
       26.063112
      ],
      [
       -98.200475,
       26.05844
      ],
      [
       -98.199151,
       26.055825
      ],
      [
       -98.196726,
       26.054095
      ],
      [
       -98.194406,
       26.053194
      ],
      [
       -98.193281,
       26.053088
      ],
      [
       -98.192509,
       26.053105
      ],
      [
       -98.192044,
       26.053603
      ],
      [
       -98.191484,
       26.054648
      ],
      [
       -98.190657,
       26.056344
      ],
      [
       -98.190005,
       26.05776
      ],
      [
       -98.18964,
       26.059319
      ],
      [
       -98.18948,
       26.061667
      ],
      [
       -98.188607,
       26.063494
      ],
      [
       -98.186952,
       26.064335
      ],
      [
       -98.18549,
       26.064482
      ],
      [
       -98.184223,
       26.064053
      ],
      [
       -98.182649,
       26.063296
      ],
      [
       -98.181185,
       26.06188
      ],
      [
       -98.179967,
       26.060481
      ],
      [
       -98.178782,
       26.059997
      ],
      [
       -98.1777,
       26.060161
      ],
      [
       -98.177133,
       26.060551
      ],
      [
       -98.176746,
       26.061286
      ],
      [
       -98.176615,
       26.062074
      ],
      [
       -98.176675,
       26.062925
      ],
      [
       -98.177114,
       26.063396
      ],
      [
       -98.178376,
       26.063989
      ],
      [
       -98.178993,
       26.064268
      ],
      [
       -98.179988,
       26.06484
      ],
      [
       -98.180549,
       26.065661
      ],
      [
       -98.180643,
       26.066306
      ],
      [
       -98.180317,
       26.06793
      ],
      [
       -98.180088,
       26.069252
      ],
      [
       -98.180155,
       26.071363
      ],
      [
       -98.179948,
       26.072955
      ],
      [
       -98.179504,
       26.073863
      ],
      [
       -98.178377,
       26.074836
      ],
      [
       -98.177721,
       26.075054
      ],
      [
       -98.176696,
       26.075211
      ],
      [
       -98.176219,
       26.075184
      ],
      [
       -98.175724,
       26.074889
      ],
      [
       -98.174837,
       26.074047
      ],
      [
       -98.173909,
       26.073245
      ],
      [
       -98.172798,
       26.072133
      ],
      [
       -98.172733,
       26.072047
      ],
      [
       -98.172183,
       26.071311
      ],
      [
       -98.17152,
       26.070408
      ],
      [
       -98.171107,
       26.069665
      ],
      [
       -98.170762,
       26.068896
      ],
      [
       -98.170486,
       26.068323
      ],
      [
       -98.170118,
       26.067536
      ],
      [
       -98.169742,
       26.066463
      ],
      [
       -98.169398,
       26.065311
      ],
      [
       -98.168843,
       26.063916
      ],
      [
       -98.168367,
       26.06327
      ],
      [
       -98.167721,
       26.062859
      ],
      [
       -98.166749,
       26.062633
      ],
      [
       -98.16602,
       26.062651
      ],
      [
       -98.164864,
       26.063054
      ],
      [
       -98.164282,
       26.063365
      ],
      [
       -98.163511,
       26.063857
      ],
      [
       -98.162535,
       26.064248
      ],
      [
       -98.161147,
       26.064477
      ],
      [
       -98.159898,
       26.064486
      ],
      [
       -98.158966,
       26.064297
      ],
      [
       -98.158285,
       26.063766
      ],
      [
       -98.157901,
       26.063267
      ],
      [
       -98.157648,
       26.06256
      ],
      [
       -98.157608,
       26.061949
      ],
      [
       -98.1577,
       26.061189
      ],
      [
       -98.158085,
       26.060582
      ],
      [
       -98.158431,
       26.059988
      ],
      [
       -98.159387,
       26.059113
      ],
      [
       -98.16013,
       26.058538
      ],
      [
       -98.160668,
       26.058164
      ],
      [
       -98.161092,
       26.057761
      ],
      [
       -98.161577,
       26.057252
      ],
      [
       -98.161988,
       26.056822
      ],
      [
       -98.162264,
       26.056426
      ],
      [
       -98.162415,
       26.055866
      ],
      [
       -98.162437,
       26.055419
      ],
      [
       -98.162357,
       26.054846
      ],
      [
       -98.162113,
       26.054224
      ],
      [
       -98.161638,
       26.053812
      ],
      [
       -98.161104,
       26.053409
      ],
      [
       -98.160381,
       26.053195
      ],
      [
       -98.159675,
       26.053217
      ],
      [
       -98.158828,
       26.053472
      ],
      [
       -98.158194,
       26.053871
      ],
      [
       -98.157038,
       26.054945
      ],
      [
       -98.156249,
       26.055786
      ],
      [
       -98.155415,
       26.056519
      ],
      [
       -98.154319,
       26.057451
      ],
      [
       -98.153425,
       26.058016
      ],
      [
       -98.153387,
       26.058038
      ],
      [
       -98.152821,
       26.058266
      ],
      [
       -98.151895,
       26.058298
      ],
      [
       -98.151271,
       26.058158
      ],
      [
       -98.150638,
       26.057834
      ],
      [
       -98.150264,
       26.057409
      ],
      [
       -98.149862,
       26.056786
      ],
      [
       -98.149575,
       26.056191
      ],
      [
       -98.14936,
       26.055619
      ],
      [
       -98.149247,
       26.055082
      ],
      [
       -98.149211,
       26.054388
      ],
      [
       -98.149251,
       26.0538
      ],
      [
       -98.149436,
       26.052877
      ],
      [
       -98.149547,
       26.05219
      ],
      [
       -98.149548,
       26.051528
      ],
      [
       -98.149313,
       26.05106
      ],
      [
       -98.148772,
       26.05035
      ],
      [
       -98.147769,
       26.049522
      ],
      [
       -98.147184,
       26.049232
      ],
      [
       -98.146696,
       26.049088
      ],
      [
       -98.146385,
       26.049066
      ],
      [
       -98.145797,
       26.049108
      ],
      [
       -98.145338,
       26.049252
      ],
      [
       -98.144682,
       26.049634
      ],
      [
       -98.14392,
       26.050123
      ],
      [
       -98.143411,
       26.050593
      ],
      [
       -98.143115,
       26.050986
      ],
      [
       -98.142874,
       26.051417
      ],
      [
       -98.142751,
       26.051919
      ],
      [
       -98.142679,
       26.05259
      ],
      [
       -98.142445,
       26.053098
      ],
      [
       -98.142134,
       26.05355
      ],
      [
       -98.141691,
       26.053979
      ],
      [
       -98.14143,
       26.05434
      ],
      [
       -98.140991,
       26.054782
      ],
      [
       -98.140591,
       26.055239
      ],
      [
       -98.140302,
       26.05566
      ],
      [
       -98.13978,
       26.056497
      ],
      [
       -98.139391,
       26.057383
      ],
      [
       -98.139094,
       26.058128
      ],
      [
       -98.138847,
       26.058648
      ],
      [
       -98.138255,
       26.059525
      ],
      [
       -98.137862,
       26.060179
      ],
      [
       -98.137436,
       26.061067
      ],
      [
       -98.137168,
       26.061871
      ],
      [
       -98.136753,
       26.063382
      ],
      [
       -98.136617,
       26.064721
      ],
      [
       -98.136687,
       26.065446
      ],
      [
       -98.136936,
       26.066879
      ],
      [
       -98.137107,
       26.067977
      ],
      [
       -98.13708,
       26.069303
      ],
      [
       -98.136602,
       26.070816
      ],
      [
       -98.136013,
       26.071632
      ],
      [
       -98.134983,
       26.072573
      ],
      [
       -98.134184,
       26.073156
      ],
      [
       -98.132907,
       26.073919
      ],
      [
       -98.131109,
       26.074454
      ],
      [
       -98.130324,
       26.074412
      ],
      [
       -98.129689,
       26.074335
      ],
      [
       -98.129337,
       26.07418
      ],
      [
       -98.129013,
       26.073996
      ],
      [
       -98.128698,
       26.073711
      ],
      [
       -98.12842,
       26.073259
      ],
      [
       -98.128195,
       26.072692
      ],
      [
       -98.128193,
       26.071981
      ],
      [
       -98.128293,
       26.071332
      ],
      [
       -98.128807,
       26.070187
      ],
      [
       -98.129449,
       26.069389
      ],
      [
       -98.130095,
       26.068706
      ],
      [
       -98.130596,
       26.06796
      ],
      [
       -98.131048,
       26.066828
      ],
      [
       -98.131211,
       26.06605
      ],
      [
       -98.131251,
       26.065452
      ],
      [
       -98.131076,
       26.064505
      ],
      [
       -98.130669,
       26.063565
      ],
      [
       -98.129936,
       26.063086
      ],
      [
       -98.12899,
       26.062737
      ],
      [
       -98.128315,
       26.062491
      ],
      [
       -98.127678,
       26.06225
      ],
      [
       -98.126841,
       26.061959
      ],
      [
       -98.126067,
       26.061851
      ],
      [
       -98.125419,
       26.061849
      ],
      [
       -98.124472,
       26.062
      ],
      [
       -98.123824,
       26.062279
      ],
      [
       -98.123274,
       26.062656
      ],
      [
       -98.12254,
       26.063346
      ],
      [
       -98.122036,
       26.063704
      ],
      [
       -98.121248,
       26.063992
      ],
      [
       -98.120389,
       26.064163
      ],
      [
       -98.118571,
       26.064665
      ],
      [
       -98.117152,
       26.064991
      ],
      [
       -98.115124,
       26.06534
      ],
      [
       -98.112764,
       26.06558
      ],
      [
       -98.111272,
       26.065797
      ],
      [
       -98.109542,
       26.066265
      ],
      [
       -98.10786,
       26.066887
      ],
      [
       -98.106607,
       26.067434
      ],
      [
       -98.105912,
       26.067651
      ],
      [
       -98.104919,
       26.067655
      ],
      [
       -98.104286,
       26.067434
      ],
      [
       -98.103857,
       26.06714
      ],
      [
       -98.1031,
       26.066296
      ],
      [
       -98.10243,
       26.065643
      ],
      [
       -98.101783,
       26.065108
      ],
      [
       -98.101074,
       26.06451
      ],
      [
       -98.100273,
       26.063559
      ],
      [
       -98.09982,
       26.062725
      ],
      [
       -98.099557,
       26.06202
      ],
      [
       -98.098775,
       26.060998
      ],
      [
       -98.097851,
       26.060202
      ],
      [
       -98.097203,
       26.0598
      ],
      [
       -98.096212,
       26.05927
      ],
      [
       -98.095264,
       26.058914
      ],
      [
       -98.094298,
       26.058714
      ],
      [
       -98.09311,
       26.058571
      ],
      [
       -98.09192,
       26.058747
      ],
      [
       -98.090757,
       26.059186
      ],
      [
       -98.089365,
       26.059801
      ],
      [
       -98.088076,
       26.060361
      ],
      [
       -98.086458,
       26.061261
      ],
      [
       -98.084726,
       26.062176
      ],
      [
       -98.083141,
       26.063017
      ],
      [
       -98.082154,
       26.063708
      ],
      [
       -98.081465,
       26.064285
      ],
      [
       -98.081022,
       26.064864
      ],
      [
       -98.080955,
       26.065505
      ],
      [
       -98.081101,
       26.066102
      ],
      [
       -98.081576,
       26.066844
      ],
      [
       -98.082236,
       26.067283
      ],
      [
       -98.083223,
       26.067733
      ],
      [
       -98.083966,
       26.067773
      ],
      [
       -98.084818,
       26.067995
      ],
      [
       -98.085402,
       26.068306
      ],
      [
       -98.085877,
       26.068937
      ],
      [
       -98.085895,
       26.069556
      ],
      [
       -98.085727,
       26.07006
      ],
      [
       -98.085314,
       26.070556
      ],
      [
       -98.08427,
       26.071126
      ],
      [
       -98.083329,
       26.071249
      ],
      [
       -98.081759,
       26.071265
      ],
      [
       -98.080152,
       26.071035
      ],
      [
       -98.079093,
       26.070592
      ],
      [
       -98.078288,
       26.070083
      ],
      [
       -98.077608,
       26.069309
      ],
      [
       -98.076742,
       26.068133
      ],
      [
       -98.076161,
       26.066964
      ],
      [
       -98.075736,
       26.065667
      ],
      [
       -98.074245,
       26.065997
      ],
      [
       -98.073936,
       26.066184
      ],
      [
       -98.073674,
       26.066489
      ],
      [
       -98.07357,
       26.066985
      ],
      [
       -98.073748,
       26.067367
      ],
      [
       -98.073832,
       26.067749
      ],
      [
       -98.073802,
       26.068155
      ],
      [
       -98.073706,
       26.068635
      ],
      [
       -98.073277,
       26.070212
      ],
      [
       -98.072815,
       26.071911
      ],
      [
       -98.072695,
       26.072622
      ],
      [
       -98.072585,
       26.073172
      ],
      [
       -98.072153,
       26.073644
      ],
      [
       -98.071667,
       26.073744
      ],
      [
       -98.068432,
       26.073522
      ],
      [
       -98.062365,
       26.073394
      ],
      [
       -98.061316,
       26.073809
      ],
      [
       -98.060034,
       26.075137
      ],
      [
       -98.059721,
       26.076676
      ],
      [
       -98.057177,
       26.092009
      ],
      [
       -98.067755,
       26.09775
      ],
      [
       -98.077389,
       26.10012
      ],
      [
       -98.08797,
       26.100232
      ],
      [
       -98.100284,
       26.096549
      ],
      [
       -98.108803,
       26.096674
      ],
      [
       -98.115939,
       26.100536
      ],
      [
       -98.12916,
       26.103543
      ],
      [
       -98.143203,
       26.101447
      ],
      [
       -98.153829,
       26.096217
      ],
      [
       -98.163724,
       26.102111
      ],
      [
       -98.179207,
       26.104276
      ],
      [
       -98.193678,
       26.100447
      ],
      [
       -98.197925,
       26.098048
      ],
      [
       -98.200108,
       26.099226
      ]
     ]
    ]
   }
  },
  {
   "type": "Feature",
   "id": "2a0ade56-ce55-49ed-b5c5-98af9591096d",
   "properties": {
    "name": "RGV-MX BZ 7",
    "color": "#ff0000",
    "enabled": true,
    "created_at": "2024-08-06T22:47:23.336432",
    "updated_at": "2024-08-06T22:47:23.336436"
   },
   "geometry": {
    "type": "Polygon",
    "coordinates": [
     [
      [
       -98.485405,
       26.212672
      ],
      [
       -98.491474,
       26.173137
      ],
      [
       -98.486414,
       26.17212
      ],
      [
       -98.478132,
       26.171808
      ],
      [
       -98.472597,
       26.172651
      ],
      [
       -98.466891,
       26.174403
      ],
      [
       -98.462699,
       26.176316
      ],
      [
       -98.45881,
       26.173791
      ],
      [
       -98.452182,
       26.170877
      ],
      [
       -98.445822,
       26.168769
      ],
      [
       -98.441093,
       26.164092
      ],
      [
       -98.434707,
       26.159719
      ],
      [
       -98.430354,
       26.157491
      ],
      [
       -98.424202,
       26.149955
      ],
      [
       -98.415572,
       26.14417
      ],
      [
       -98.415476,
       26.144631
      ],
      [
       -98.407888,
       26.183311
      ],
      [
       -98.409411,
       26.183424
      ],
      [
       -98.41061,
       26.183467
      ],
      [
       -98.411404,
       26.183459
      ],
      [
       -98.412084,
       26.183358
      ],
      [
       -98.412395,
       26.183279
      ],
      [
       -98.412918,
       26.183189
      ],
      [
       -98.413386,
       26.183166
      ],
      [
       -98.414047,
       26.183184
      ],
      [
       -98.414775,
       26.183217
      ],
      [
       -98.415257,
       26.183235
      ],
      [
       -98.415855,
       26.183394
      ],
      [
       -98.416715,
       26.183799
      ],
      [
       -98.417984,
       26.184551
      ],
      [
       -98.418665,
       26.18498
      ],
      [
       -98.419283,
       26.185458
      ],
      [
       -98.419992,
       26.186141
      ],
      [
       -98.420985,
       26.187351
      ],
      [
       -98.421828,
       26.188362
      ],
      [
       -98.422844,
       26.189476
      ],
      [
       -98.42335,
       26.189967
      ],
      [
       -98.424071,
       26.190602
      ],
      [
       -98.424894,
       26.191229
      ],
      [
       -98.42585,
       26.191854
      ],
      [
       -98.427091,
       26.19263
      ],
      [
       -98.429249,
       26.193917
      ],
      [
       -98.430299,
       26.194533
      ],
      [
       -98.431181,
       26.194895
      ],
      [
       -98.432516,
       26.19536
      ],
      [
       -98.43435,
       26.195942
      ],
      [
       -98.435394,
       26.196283
      ],
      [
       -98.436816,
       26.196664
      ],
      [
       -98.438944,
       26.197377
      ],
      [
       -98.439402,
       26.1976
      ],
      [
       -98.439824,
       26.197746
      ],
      [
       -98.44005,
       26.197795
      ],
      [
       -98.440262,
       26.197949
      ],
      [
       -98.440536,
       26.1981
      ],
      [
       -98.440616,
       26.198131
      ],
      [
       -98.440698,
       26.198118
      ],
      [
       -98.44081,
       26.198111
      ],
      [
       -98.44097,
       26.198142
      ],
      [
       -98.441506,
       26.198276
      ],
      [
       -98.441794,
       26.198441
      ],
      [
       -98.442105,
       26.198664
      ],
      [
       -98.442381,
       26.198898
      ],
      [
       -98.44278,
       26.199327
      ],
      [
       -98.442869,
       26.199428
      ],
      [
       -98.443089,
       26.199724
      ],
      [
       -98.44334,
       26.199979
      ],
      [
       -98.443561,
       26.200192
      ],
      [
       -98.44385,
       26.200424
      ],
      [
       -98.444061,
       26.20063
      ],
      [
       -98.444127,
       26.200775
      ],
      [
       -98.444343,
       26.201091
      ],
      [
       -98.444591,
       26.201454
      ],
      [
       -98.444689,
       26.201634
      ],
      [
       -98.444736,
       26.201796
      ],
      [
       -98.444767,
       26.202061
      ],
      [
       -98.444763,
       26.202389
      ],
      [
       -98.444729,
       26.202787
      ],
      [
       -98.444663,
       26.203219
      ],
      [
       -98.444538,
       26.203675
      ],
      [
       -98.444432,
       26.204095
      ],
      [
       -98.4443,
       26.204373
      ],
      [
       -98.444091,
       26.204874
      ],
      [
       -98.443369,
       26.205952
      ],
      [
       -98.442852,
       26.206587
      ],
      [
       -98.442418,
       26.207124
      ],
      [
       -98.441886,
       26.207641
      ],
      [
       -98.441305,
       26.208097
      ],
      [
       -98.440638,
       26.208547
      ],
      [
       -98.440252,
       26.2088
      ],
      [
       -98.439812,
       26.209186
      ],
      [
       -98.439414,
       26.209632
      ],
      [
       -98.439229,
       26.209902
      ],
      [
       -98.439107,
       26.210181
      ],
      [
       -98.438983,
       26.210527
      ],
      [
       -98.438886,
       26.210854
      ],
      [
       -98.438764,
       26.211349
      ],
      [
       -98.438693,
       26.211926
      ],
      [
       -98.438673,
       26.21278
      ],
      [
       -98.438743,
       26.21365
      ],
      [
       -98.438853,
       26.214465
      ],
      [
       -98.43907,
       26.215752
      ],
      [
       -98.439325,
       26.216895
      ],
      [
       -98.439453,
       26.217207
      ],
      [
       -98.439731,
       26.218165
      ],
      [
       -98.440086,
       26.21894
      ],
      [
       -98.440636,
       26.219993
      ],
      [
       -98.441446,
       26.221445
      ],
      [
       -98.442255,
       26.222738
      ],
      [
       -98.442426,
       26.223044
      ],
      [
       -98.442798,
       26.223474
      ],
      [
       -98.443067,
       26.223697
      ],
      [
       -98.443378,
       26.223896
      ],
      [
       -98.443622,
       26.224026
      ],
      [
       -98.443924,
       26.224182
      ],
      [
       -98.44414,
       26.224257
      ],
      [
       -98.444477,
       26.224377
      ],
      [
       -98.444723,
       26.224436
      ],
      [
       -98.445135,
       26.224487
      ],
      [
       -98.445555,
       26.22449
      ],
      [
       -98.44577,
       26.224481
      ],
      [
       -98.44619,
       26.224419
      ],
      [
       -98.447429,
       26.224212
      ],
      [
       -98.447768,
       26.224129
      ],
      [
       -98.447984,
       26.224061
      ],
      [
       -98.448278,
       26.223977
      ],
      [
       -98.448543,
       26.223868
      ],
      [
       -98.448875,
       26.223732
      ],
      [
       -98.449356,
       26.223475
      ],
      [
       -98.449518,
       26.223361
      ],
      [
       -98.449867,
       26.223116
      ],
      [
       -98.450279,
       26.222825
      ],
      [
       -98.450934,
       26.222349
      ],
      [
       -98.451248,
       26.222086
      ],
      [
       -98.451482,
       26.221874
      ],
      [
       -98.451881,
       26.221446
      ],
      [
       -98.452305,
       26.220918
      ],
      [
       -98.452737,
       26.220346
      ],
      [
       -98.453058,
       26.219796
      ],
      [
       -98.453148,
       26.21959
      ],
      [
       -98.453298,
       26.219108
      ],
      [
       -98.453341,
       26.218519
      ],
      [
       -98.453397,
       26.218093
      ],
      [
       -98.453432,
       26.217702
      ],
      [
       -98.453512,
       26.217415
      ],
      [
       -98.453558,
       26.217302
      ],
      [
       -98.453672,
       26.217134
      ],
      [
       -98.453822,
       26.216991
      ],
      [
       -98.453983,
       26.216874
      ],
      [
       -98.454206,
       26.216762
      ],
      [
       -98.454343,
       26.216721
      ],
      [
       -98.454514,
       26.216706
      ],
      [
       -98.454692,
       26.216715
      ],
      [
       -98.454695,
       26.216715
      ],
      [
       -98.454783,
       26.216723
      ],
      [
       -98.454988,
       26.216755
      ],
      [
       -98.455089,
       26.216792
      ],
      [
       -98.45521,
       26.216855
      ],
      [
       -98.455297,
       26.216916
      ],
      [
       -98.455413,
       26.217022
      ],
      [
       -98.455463,
       26.217089
      ],
      [
       -98.455569,
       26.217292
      ],
      [
       -98.455663,
       26.217476
      ],
      [
       -98.4557,
       26.217651
      ],
      [
       -98.455705,
       26.217664
      ],
      [
       -98.455746,
       26.217882
      ],
      [
       -98.455748,
       26.217885
      ],
      [
       -98.455763,
       26.218066
      ],
      [
       -98.455767,
       26.21823
      ],
      [
       -98.455768,
       26.218522
      ],
      [
       -98.455767,
       26.21853
      ],
      [
       -98.455782,
       26.218739
      ],
      [
       -98.455806,
       26.219206
      ],
      [
       -98.455813,
       26.219838
      ],
      [
       -98.455823,
       26.220252
      ],
      [
       -98.455881,
       26.2206
      ],
      [
       -98.456,
       26.221306
      ],
      [
       -98.456152,
       26.221825
      ],
      [
       -98.456382,
       26.222582
      ],
      [
       -98.45673,
       26.223301
      ],
      [
       -98.456993,
       26.22372
      ],
      [
       -98.457116,
       26.22407
      ],
      [
       -98.457117,
       26.224075
      ],
      [
       -98.457137,
       26.224183
      ],
      [
       -98.457197,
       26.224274
      ],
      [
       -98.457334,
       26.224339
      ],
      [
       -98.457404,
       26.224376
      ],
      [
       -98.457504,
       26.224479
      ],
      [
       -98.457548,
       26.224593
      ],
      [
       -98.457607,
       26.224808
      ],
      [
       -98.457675,
       26.225008
      ],
      [
       -98.457676,
       26.225016
      ],
      [
       -98.45768,
       26.225021
      ],
      [
       -98.45781,
       26.225225
      ],
      [
       -98.458006,
       26.225356
      ],
      [
       -98.458402,
       26.225607
      ],
      [
       -98.459035,
       26.225994
      ],
      [
       -98.459732,
       26.226247
      ],
      [
       -98.460314,
       26.226319
      ],
      [
       -98.461266,
       26.226257
      ],
      [
       -98.462176,
       26.225997
      ],
      [
       -98.4629,
       26.225671
      ],
      [
       -98.463522,
       26.225255
      ],
      [
       -98.464542,
       26.224404
      ],
      [
       -98.465234,
       26.223763
      ],
      [
       -98.465954,
       26.223203
      ],
      [
       -98.466817,
       26.222651
      ],
      [
       -98.468221,
       26.221887
      ],
      [
       -98.469102,
       26.221526
      ],
      [
       -98.469888,
       26.221196
      ],
      [
       -98.471548,
       26.220615
      ],
      [
       -98.472722,
       26.22039
      ],
      [
       -98.473789,
       26.220263
      ],
      [
       -98.474646,
       26.220186
      ],
      [
       -98.475472,
       26.220186
      ],
      [
       -98.476465,
       26.220302
      ],
      [
       -98.477653,
       26.220352
      ],
      [
       -98.478867,
       26.220347
      ],
      [
       -98.47982,
       26.220262
      ],
      [
       -98.480744,
       26.22011
      ],
      [
       -98.48142,
       26.219829
      ],
      [
       -98.482119,
       26.219257
      ],
      [
       -98.482648,
       26.218566
      ],
      [
       -98.482973,
       26.21809
      ],
      [
       -98.483148,
       26.217532
      ],
      [
       -98.483268,
       26.216831
      ],
      [
       -98.483291,
       26.216072
      ],
      [
       -98.483249,
       26.215301
      ],
      [
       -98.483108,
       26.214791
      ],
      [
       -98.483098,
       26.214776
      ],
      [
       -98.482382,
       26.213726
      ],
      [
       -98.481652,
       26.213053
      ],
      [
       -98.481166,
       26.21254
      ],
      [
       -98.480731,
       26.212068
      ],
      [
       -98.4801,
       26.211359
      ],
      [
       -98.479738,
       26.210851
      ],
      [
       -98.479309,
       26.210172
      ],
      [
       -98.478883,
       26.209359
      ],
      [
       -98.478538,
       26.208499
      ],
      [
       -98.478245,
       26.207435
      ],
      [
       -98.478096,
       26.206481
      ],
      [
       -98.477918,
       26.205788
      ],
      [
       -98.477731,
       26.204804
      ],
      [
       -98.477646,
       26.204291
      ],
      [
       -98.47752,
       26.203761
      ],
      [
       -98.477615,
       26.203109
      ],
      [
       -98.477763,
       26.202755
      ],
      [
       -98.478126,
       26.202293
      ],
      [
       -98.478579,
       26.201766
      ],
      [
       -98.479037,
       26.201416
      ],
      [
       -98.479451,
       26.201191
      ],
      [
       -98.480064,
       26.20091
      ],
      [
       -98.480641,
       26.200782
      ],
      [
       -98.481384,
       26.200791
      ],
      [
       -98.481939,
       26.200888
      ],
      [
       -98.48246,
       26.201007
      ],
      [
       -98.482898,
       26.201096
      ],
      [
       -98.483252,
       26.201232
      ],
      [
       -98.48352,
       26.201473
      ],
      [
       -98.483646,
       26.201763
      ],
      [
       -98.483675,
       26.202127
      ],
      [
       -98.483674,
       26.202136
      ],
      [
       -98.483601,
       26.202489
      ],
      [
       -98.483404,
       26.202859
      ],
      [
       -98.483147,
       26.203181
      ],
      [
       -98.482821,
       26.20342
      ],
      [
       -98.482492,
       26.203761
      ],
      [
       -98.482269,
       26.204007
      ],
      [
       -98.482269,
       26.204012
      ],
      [
       -98.48181,
       26.204743
      ],
      [
       -98.481588,
       26.205365
      ],
      [
       -98.481486,
       26.205974
      ],
      [
       -98.481478,
       26.206437
      ],
      [
       -98.481517,
       26.207136
      ],
      [
       -98.481609,
       26.207866
      ],
      [
       -98.481816,
       26.208737
      ],
      [
       -98.48204,
       26.209354
      ],
      [
       -98.482304,
       26.209873
      ],
      [
       -98.482631,
       26.210421
      ],
      [
       -98.483008,
       26.211039
      ],
      [
       -98.483552,
       26.211754
      ],
      [
       -98.48398,
       26.212079
      ],
      [
       -98.484438,
       26.212354
      ],
      [
       -98.485082,
       26.212612
      ],
      [
       -98.485401,
       26.212719
      ],
      [
       -98.485405,
       26.212672
      ]
     ]
    ]
   }
  },
  {
   "type": "Feature",
   "id": "2e1608c5-4a30-4983-b544-b64db62bade4",
   "properties": {
    "name": "RGV-MX BZ 12",
    "color": "#ff0000",
    "enabled": true,
    "created_at": "2024-08-07T00:06:12.625764",
    "updated_at": "2024-08-07T00:06:12.625768"
   },
   "geometry": {
    "type": "Polygon",
    "coordinates": [
     [
      [
       -98.07576,
       26.065661
      ],
      [
       -98.093519,
       26.01141
      ],
      [
       -98.092165,
       26.010707
      ],
      [
       -98.09071,
       26.010059
      ],
      [
       -98.08688,
       26.008694
      ],
      [
       -98.079053,
       26.007281
      ],
      [
       -98.071081,
       26.007452
      ],
      [
       -98.064134,
       26.008396
      ],
      [
       -98.057724,
       26.010488
      ],
      [
       -98.051064,
       26.01416
      ],
      [
       -98.046887,
       26.012999
      ],
      [
       -98.04134,
       26.012206
      ],
      [
       -98.036071,
       26.012299
      ],
      [
       -98.028865,
       26.013654
      ],
      [
       -98.021371,
       26.016866
      ],
      [
       -98.015915,
       26.020911
      ],
      [
       -98.010632,
       26.027043
      ],
      [
       -98.005371,
       26.027674
      ],
      [
       -97.998288,
       26.029775
      ],
      [
       -97.993424,
       26.029277
      ],
      [
       -97.988378,
       26.029389
      ],
      [
       -97.983649,
       26.026732
      ],
      [
       -97.978485,
       26.024623
      ],
      [
       -97.973017,
       26.023204
      ],
      [
       -97.968651,
       26.022731
      ],
      [
       -97.962226,
       26.022842
      ],
      [
       -97.96225,
       26.023034
      ],
      [
       -97.960635,
       26.056241
      ],
      [
       -97.960834,
       26.056104
      ],
      [
       -97.9611,
       26.055864
      ],
      [
       -97.961233,
       26.055642
      ],
      [
       -97.961446,
       26.055153
      ],
      [
       -97.961723,
       26.054169
      ],
      [
       -97.96173,
       26.054147
      ],
      [
       -97.962004,
       26.053441
      ],
      [
       -97.962005,
       26.053438
      ],
      [
       -97.962175,
       26.053197
      ],
      [
       -97.962471,
       26.052903
      ],
      [
       -97.962983,
       26.052507
      ],
      [
       -97.963503,
       26.052222
      ],
      [
       -97.964092,
       26.051974
      ],
      [
       -97.96488,
       26.051766
      ],
      [
       -97.965429,
       26.051709
      ],
      [
       -97.966259,
       26.051713
      ],
      [
       -97.966861,
       26.051757
      ],
      [
       -97.967685,
       26.051981
      ],
      [
       -97.968517,
       26.052317
      ],
      [
       -97.969359,
       26.05284
      ],
      [
       -97.970188,
       26.053509
      ],
      [
       -97.971182,
       26.054446
      ],
      [
       -97.971605,
       26.055043
      ],
      [
       -97.972095,
       26.055703
      ],
      [
       -97.972878,
       26.056901
      ],
      [
       -97.973263,
       26.057358
      ],
      [
       -97.973634,
       26.057656
      ],
      [
       -97.974173,
       26.057957
      ],
      [
       -97.975076,
       26.058137
      ],
      [
       -97.976305,
       26.05821
      ],
      [
       -97.977056,
       26.058234
      ],
      [
       -97.977783,
       26.058286
      ],
      [
       -97.978041,
       26.058358
      ],
      [
       -97.978255,
       26.058475
      ],
      [
       -97.978533,
       26.058603
      ],
      [
       -97.978677,
       26.058727
      ],
      [
       -97.978869,
       26.059013
      ],
      [
       -97.979043,
       26.059201
      ],
      [
       -97.979331,
       26.059855
      ],
      [
       -97.979522,
       26.060532
      ],
      [
       -97.979626,
       26.061137
      ],
      [
       -97.979755,
       26.062334
      ],
      [
       -97.97981,
       26.063383
      ],
      [
       -97.979814,
       26.064008
      ],
      [
       -97.979687,
       26.06454
      ],
      [
       -97.979617,
       26.065005
      ],
      [
       -97.979425,
       26.066108
      ],
      [
       -97.979448,
       26.066413
      ],
      [
       -97.979506,
       26.066677
      ],
      [
       -97.979629,
       26.066894
      ],
      [
       -97.979826,
       26.06713
      ],
      [
       -97.980117,
       26.0673
      ],
      [
       -97.980468,
       26.067412
      ],
      [
       -97.980845,
       26.067489
      ],
      [
       -97.981263,
       26.06746
      ],
      [
       -97.981724,
       26.067406
      ],
      [
       -97.982457,
       26.067226
      ],
      [
       -97.983334,
       26.067021
      ],
      [
       -97.984209,
       26.066814
      ],
      [
       -97.984891,
       26.066709
      ],
      [
       -97.985812,
       26.066609
      ],
      [
       -97.986385,
       26.066522
      ],
      [
       -97.986798,
       26.0664
      ],
      [
       -97.987398,
       26.066164
      ],
      [
       -97.987805,
       26.065972
      ],
      [
       -97.988214,
       26.06555
      ],
      [
       -97.988427,
       26.065235
      ],
      [
       -97.988612,
       26.064877
      ],
      [
       -97.988735,
       26.064546
      ],
      [
       -97.988812,
       26.064183
      ],
      [
       -97.988864,
       26.063595
      ],
      [
       -97.988883,
       26.063054
      ],
      [
       -97.98877,
       26.062566
      ],
      [
       -97.988707,
       26.062092
      ],
      [
       -97.988673,
       26.061689
      ],
      [
       -97.98871,
       26.061227
      ],
      [
       -97.988794,
       26.060829
      ],
      [
       -97.988962,
       26.060459
      ],
      [
       -97.989283,
       26.060001
      ],
      [
       -97.989288,
       26.059998
      ],
      [
       -97.989561,
       26.059671
      ],
      [
       -97.990016,
       26.059308
      ],
      [
       -97.990394,
       26.059022
      ],
      [
       -97.991049,
       26.05847
      ],
      [
       -97.991488,
       26.05831
      ],
      [
       -97.991918,
       26.058255
      ],
      [
       -97.992265,
       26.058327
      ],
      [
       -97.992291,
       26.058337
      ],
      [
       -97.992608,
       26.058503
      ],
      [
       -97.992634,
       26.058513
      ],
      [
       -97.992642,
       26.058514
      ],
      [
       -97.992949,
       26.058713
      ],
      [
       -97.993197,
       26.059003
      ],
      [
       -97.993701,
       26.059884
      ],
      [
       -97.994087,
       26.060738
      ],
      [
       -97.994293,
       26.061313
      ],
      [
       -97.994727,
       26.062117
      ],
      [
       -97.99515,
       26.062843
      ],
      [
       -97.995479,
       26.063321
      ],
      [
       -97.995847,
       26.0637
      ],
      [
       -97.996254,
       26.064081
      ],
      [
       -97.996677,
       26.06441
      ],
      [
       -97.997379,
       26.06482
      ],
      [
       -97.997948,
       26.065035
      ],
      [
       -97.998866,
       26.065297
      ],
      [
       -97.999585,
       26.065316
      ],
      [
       -98.000508,
       26.065325
      ],
      [
       -98.001109,
       26.065263
      ],
      [
       -98.002151,
       26.065098
      ],
      [
       -98.002801,
       26.064888
      ],
      [
       -98.003571,
       26.064663
      ],
      [
       -98.004147,
       26.064394
      ],
      [
       -98.005315,
       26.06377
      ],
      [
       -98.006112,
       26.063351
      ],
      [
       -98.006135,
       26.063343
      ],
      [
       -98.007056,
       26.0628
      ],
      [
       -98.007697,
       26.062286
      ],
      [
       -98.008035,
       26.061881
      ],
      [
       -98.008791,
       26.060792
      ],
      [
       -98.008941,
       26.060409
      ],
      [
       -98.009298,
       26.0595
      ],
      [
       -98.009411,
       26.059067
      ],
      [
       -98.00953,
       26.058612
      ],
      [
       -98.009741,
       26.058183
      ],
      [
       -98.009986,
       26.057816
      ],
      [
       -98.010245,
       26.05749
      ],
      [
       -98.010558,
       26.057046
      ],
      [
       -98.010804,
       26.056766
      ],
      [
       -98.011314,
       26.056359
      ],
      [
       -98.011686,
       26.056169
      ],
      [
       -98.01198,
       26.056101
      ],
      [
       -98.012248,
       26.056097
      ],
      [
       -98.012419,
       26.056194
      ],
      [
       -98.01265,
       26.056416
      ],
      [
       -98.012782,
       26.056672
      ],
      [
       -98.012843,
       26.056945
      ],
      [
       -98.012869,
       26.057294
      ],
      [
       -98.012872,
       26.057299
      ],
      [
       -98.012871,
       26.057557
      ],
      [
       -98.012704,
       26.05798
      ],
      [
       -98.0125,
       26.058405
      ],
      [
       -98.012284,
       26.058719
      ],
      [
       -98.011632,
       26.059796
      ],
      [
       -98.011317,
       26.060369
      ],
      [
       -98.011011,
       26.060965
      ],
      [
       -98.010895,
       26.061514
      ],
      [
       -98.010823,
       26.061825
      ],
      [
       -98.010758,
       26.062097
      ],
      [
       -98.010762,
       26.062652
      ],
      [
       -98.010796,
       26.06332
      ],
      [
       -98.010847,
       26.063755
      ],
      [
       -98.011034,
       26.064541
      ],
      [
       -98.011377,
       26.065348
      ],
      [
       -98.011574,
       26.065653
      ],
      [
       -98.011747,
       26.065865
      ],
      [
       -98.012161,
       26.066159
      ],
      [
       -98.012373,
       26.066267
      ],
      [
       -98.01267,
       26.066375
      ],
      [
       -98.013145,
       26.066493
      ],
      [
       -98.01344,
       26.066524
      ],
      [
       -98.013792,
       26.066464
      ],
      [
       -98.014061,
       26.066342
      ],
      [
       -98.014322,
       26.066182
      ],
      [
       -98.01441,
       26.066054
      ],
      [
       -98.01448,
       26.065873
      ],
      [
       -98.014567,
       26.065671
      ],
      [
       -98.014554,
       26.065452
      ],
      [
       -98.014546,
       26.06508
      ],
      [
       -98.01457,
       26.064681
      ],
      [
       -98.014579,
       26.064431
      ],
      [
       -98.014698,
       26.064043
      ],
      [
       -98.014821,
       26.06361
      ],
      [
       -98.015,
       26.063189
      ],
      [
       -98.015127,
       26.062879
      ],
      [
       -98.015504,
       26.062227
      ],
      [
       -98.015764,
       26.061853
      ],
      [
       -98.01628,
       26.061211
      ],
      [
       -98.016621,
       26.060923
      ],
      [
       -98.017396,
       26.060355
      ],
      [
       -98.018301,
       26.059909
      ],
      [
       -98.019088,
       26.059587
      ],
      [
       -98.019474,
       26.059313
      ],
      [
       -98.019743,
       26.059122
      ],
      [
       -98.020069,
       26.05887
      ],
      [
       -98.02028,
       26.058739
      ],
      [
       -98.020559,
       26.058633
      ],
      [
       -98.020889,
       26.058616
      ],
      [
       -98.021215,
       26.058694
      ],
      [
       -98.021564,
       26.05887
      ],
      [
       -98.021731,
       26.058977
      ],
      [
       -98.02204,
       26.059256
      ],
      [
       -98.02219,
       26.059501
      ],
      [
       -98.022326,
       26.059725
      ],
      [
       -98.022456,
       26.059921
      ],
      [
       -98.022718,
       26.060267
      ],
      [
       -98.022835,
       26.060688
      ],
      [
       -98.022999,
       26.061168
      ],
      [
       -98.023387,
       26.062366
      ],
      [
       -98.02374,
       26.063221
      ],
      [
       -98.024222,
       26.064019
      ],
      [
       -98.024516,
       26.064491
      ],
      [
       -98.024649,
       26.064848
      ],
      [
       -98.025086,
       26.065686
      ],
      [
       -98.025094,
       26.065692
      ],
      [
       -98.02542,
       26.066031
      ],
      [
       -98.025669,
       26.066258
      ],
      [
       -98.026209,
       26.066551
      ],
      [
       -98.026634,
       26.066783
      ],
      [
       -98.027013,
       26.06684
      ],
      [
       -98.027404,
       26.067006
      ],
      [
       -98.027598,
       26.067023
      ],
      [
       -98.027913,
       26.067002
      ],
      [
       -98.027943,
       26.066999
      ],
      [
       -98.028431,
       26.06686
      ],
      [
       -98.02889,
       26.06666
      ],
      [
       -98.029344,
       26.066382
      ],
      [
       -98.029845,
       26.066056
      ],
      [
       -98.030416,
       26.065623
      ],
      [
       -98.030819,
       26.065255
      ],
      [
       -98.031256,
       26.064809
      ],
      [
       -98.032165,
       26.063536
      ],
      [
       -98.032458,
       26.063007
      ],
      [
       -98.032892,
       26.062245
      ],
      [
       -98.033169,
       26.061553
      ],
      [
       -98.033706,
       26.059976
      ],
      [
       -98.03396,
       26.059037
      ],
      [
       -98.034164,
       26.057994
      ],
      [
       -98.034341,
       26.056692
      ],
      [
       -98.034511,
       26.055537
      ],
      [
       -98.034414,
       26.054701
      ],
      [
       -98.034406,
       26.053783
      ],
      [
       -98.034312,
       26.053071
      ],
      [
       -98.034341,
       26.052453
      ],
      [
       -98.034422,
       26.052256
      ],
      [
       -98.034457,
       26.051654
      ],
      [
       -98.034555,
       26.050721
      ],
      [
       -98.034674,
       26.050291
      ],
      [
       -98.034801,
       26.049904
      ],
      [
       -98.035059,
       26.04924
      ],
      [
       -98.035308,
       26.048818
      ],
      [
       -98.035542,
       26.04847
      ],
      [
       -98.035864,
       26.048036
      ],
      [
       -98.036197,
       26.047672
      ],
      [
       -98.036537,
       26.047196
      ],
      [
       -98.036543,
       26.04719
      ],
      [
       -98.03709,
       26.046381
      ],
      [
       -98.037369,
       26.045895
      ],
      [
       -98.037601,
       26.045399
      ],
      [
       -98.037903,
       26.044675
      ],
      [
       -98.038104,
       26.044056
      ],
      [
       -98.0382,
       26.043512
      ],
      [
       -98.038277,
       26.0429
      ],
      [
       -98.038321,
       26.042373
      ],
      [
       -98.038416,
       26.042013
      ],
      [
       -98.038474,
       26.041705
      ],
      [
       -98.038541,
       26.041533
      ],
      [
       -98.038791,
       26.041297
      ],
      [
       -98.038982,
       26.041248
      ],
      [
       -98.038986,
       26.041249
      ],
      [
       -98.039188,
       26.041238
      ],
      [
       -98.03937,
       26.041267
      ],
      [
       -98.039585,
       26.041314
      ],
      [
       -98.039941,
       26.041443
      ],
      [
       -98.040351,
       26.041658
      ],
      [
       -98.040949,
       26.041972
      ],
      [
       -98.041445,
       26.042261
      ],
      [
       -98.042689,
       26.043071
      ],
      [
       -98.043075,
       26.043295
      ],
      [
       -98.043753,
       26.043606
      ],
      [
       -98.044078,
       26.043735
      ],
      [
       -98.044855,
       26.044035
      ],
      [
       -98.046189,
       26.044378
      ],
      [
       -98.046779,
       26.04447
      ],
      [
       -98.047518,
       26.044574
      ],
      [
       -98.0486,
       26.04459
      ],
      [
       -98.050263,
       26.044516
      ],
      [
       -98.050993,
       26.044546
      ],
      [
       -98.052,
       26.044584
      ],
      [
       -98.052293,
       26.044606
      ],
      [
       -98.05308,
       26.044637
      ],
      [
       -98.05368,
       26.044622
      ],
      [
       -98.054684,
       26.044648
      ],
      [
       -98.055422,
       26.044784
      ],
      [
       -98.056626,
       26.045005
      ],
      [
       -98.057253,
       26.045187
      ],
      [
       -98.057954,
       26.04551
      ],
      [
       -98.059268,
       26.046064
      ],
      [
       -98.059943,
       26.046267
      ],
      [
       -98.061038,
       26.046407
      ],
      [
       -98.061638,
       26.046319
      ],
      [
       -98.062209,
       26.046223
      ],
      [
       -98.062834,
       26.046099
      ],
      [
       -98.063175,
       26.045988
      ],
      [
       -98.063667,
       26.045828
      ],
      [
       -98.064163,
       26.045579
      ],
      [
       -98.064536,
       26.045388
      ],
      [
       -98.064874,
       26.045141
      ],
      [
       -98.065093,
       26.044959
      ],
      [
       -98.065296,
       26.044755
      ],
      [
       -98.065524,
       26.044561
      ],
      [
       -98.06592,
       26.044044
      ],
      [
       -98.066271,
       26.043619
      ],
      [
       -98.066628,
       26.043207
      ],
      [
       -98.067401,
       26.042132
      ],
      [
       -98.068132,
       26.041014
      ],
      [
       -98.068852,
       26.03987
      ],
      [
       -98.069289,
       26.039249
      ],
      [
       -98.070009,
       26.038036
      ],
      [
       -98.070525,
       26.037362
      ],
      [
       -98.071025,
       26.03696
      ],
      [
       -98.071633,
       26.036666
      ],
      [
       -98.072158,
       26.036543
      ],
      [
       -98.072183,
       26.036538
      ],
      [
       -98.07272,
       26.036464
      ],
      [
       -98.073398,
       26.036459
      ],
      [
       -98.074413,
       26.036482
      ],
      [
       -98.075145,
       26.036448
      ],
      [
       -98.075662,
       26.036406
      ],
      [
       -98.076206,
       26.036335
      ],
      [
       -98.076399,
       26.036305
      ],
      [
       -98.076676,
       26.036291
      ],
      [
       -98.076691,
       26.036294
      ],
      [
       -98.076984,
       26.036337
      ],
      [
       -98.077229,
       26.036445
      ],
      [
       -98.077479,
       26.036609
      ],
      [
       -98.077483,
       26.036614
      ],
      [
       -98.077749,
       26.036889
      ],
      [
       -98.077995,
       26.03721
      ],
      [
       -98.078162,
       26.037457
      ],
      [
       -98.078371,
       26.037831
      ],
      [
       -98.078652,
       26.038313
      ],
      [
       -98.078826,
       26.038792
      ],
      [
       -98.078994,
       26.039277
      ],
      [
       -98.079312,
       26.04006
      ],
      [
       -98.079313,
       26.040072
      ],
      [
       -98.079553,
       26.040529
      ],
      [
       -98.079875,
       26.040895
      ],
      [
       -98.079972,
       26.041182
      ],
      [
       -98.079971,
       26.041186
      ],
      [
       -98.080118,
       26.041672
      ],
      [
       -98.080071,
       26.041912
      ],
      [
       -98.079886,
       26.042097
      ],
      [
       -98.079681,
       26.042202
      ],
      [
       -98.079263,
       26.042312
      ],
      [
       -98.078919,
       26.042343
      ],
      [
       -98.078637,
       26.042354
      ],
      [
       -98.078186,
       26.04232
      ],
      [
       -98.077586,
       26.042298
      ],
      [
       -98.076707,
       26.042312
      ],
      [
       -98.075544,
       26.042484
      ],
      [
       -98.074585,
       26.042753
      ],
      [
       -98.074043,
       26.042915
      ],
      [
       -98.073217,
       26.043378
      ],
      [
       -98.072675,
       26.043733
      ],
      [
       -98.072296,
       26.044076
      ],
      [
       -98.071686,
       26.044748
      ],
      [
       -98.071106,
       26.045556
      ],
      [
       -98.070787,
       26.046204
      ],
      [
       -98.070594,
       26.04662
      ],
      [
       -98.070385,
       26.04723
      ],
      [
       -98.070134,
       26.048313
      ],
      [
       -98.070095,
       26.048694
      ],
      [
       -98.07002,
       26.049564
      ],
      [
       -98.070035,
       26.050312
      ],
      [
       -98.07012,
       26.051291
      ],
      [
       -98.070297,
       26.052069
      ],
      [
       -98.07053,
       26.053073
      ],
      [
       -98.070741,
       26.053602
      ],
      [
       -98.071041,
       26.054419
      ],
      [
       -98.071472,
       26.055193
      ],
      [
       -98.071993,
       26.055994
      ],
      [
       -98.07231,
       26.056289
      ],
      [
       -98.072907,
       26.056689
      ],
      [
       -98.073413,
       26.057232
      ],
      [
       -98.073963,
       26.05777
      ],
      [
       -98.074259,
       26.058104
      ],
      [
       -98.074625,
       26.058664
      ],
      [
       -98.075008,
       26.059403
      ],
      [
       -98.075271,
       26.060147
      ],
      [
       -98.075505,
       26.060938
      ],
      [
       -98.075657,
       26.061547
      ],
      [
       -98.075748,
       26.062209
      ],
      [
       -98.075727,
       26.063103
      ],
      [
       -98.075598,
       26.06378
      ],
      [
       -98.075602,
       26.064343
      ],
      [
       -98.075597,
       26.0649
      ],
      [
       -98.07576,
       26.065661
      ]
     ]
    ]
   }
  },
  {
   "type": "Feature",
   "id": "32cd9cb6-82e6-4bc2-90e6-3c2844fea894",
   "properties": {
    "name": "RGV-MX BZ 2",
    "color": "#ff0000",
    "enabled": true,
    "created_at": "2024-08-06T21:42:30.841924",
    "updated_at": "2024-08-06T21:42:30.841927"
   },
   "geometry": {
    "type": "Polygon",
    "coordinates": [
     [
      [
       -99.026388,
       26.409736
      ],
      [
       -99.027733,
       26.406071
      ],
      [
       -99.038671,
       26.376022
      ],
      [
       -99.032944,
       26.370451
      ],
      [
       -99.026681,
       26.366658
      ],
      [
       -99.018759,
       26.364118
      ],
      [
       -99.00998,
       26.363147
      ],
      [
       -99.00481,
       26.363471
      ],
      [
       -98.998024,
       26.363005
      ],
      [
       -98.990509,
       26.362438
      ],
      [
       -98.98423,
       26.362777
      ],
      [
       -98.98085,
       26.358376
      ],
      [
       -98.976448,
       26.354483
      ],
      [
       -98.974821,
       26.353268
      ],
      [
       -98.970101,
       26.349307
      ],
      [
       -98.966772,
       26.347088
      ],
      [
       -98.965781,
       26.354122
      ],
      [
       -98.961357,
       26.386456
      ],
      [
       -98.959856,
       26.397341
      ],
      [
       -98.961022,
       26.397986
      ],
      [
       -98.962992,
       26.398641
      ],
      [
       -98.965261,
       26.398789
      ],
      [
       -98.966968,
       26.398615
      ],
      [
       -98.969116,
       26.398847
      ],
      [
       -98.970723,
       26.399772
      ],
      [
       -98.971936,
       26.400167
      ],
      [
       -98.973562,
       26.401074
      ],
      [
       -98.97401,
       26.40123
      ],
      [
       -98.975048,
       26.401207
      ],
      [
       -98.976276,
       26.40108
      ],
      [
       -98.977368,
       26.400784
      ],
      [
       -98.97801,
       26.40049
      ],
      [
       -98.978507,
       26.400099
      ],
      [
       -98.97993,
       26.398565
      ],
      [
       -98.982002,
       26.396288
      ],
      [
       -98.983,
       26.395156
      ],
      [
       -98.98349,
       26.394729
      ],
      [
       -98.983999,
       26.394314
      ],
      [
       -98.984614,
       26.393808
      ],
      [
       -98.984947,
       26.393407
      ],
      [
       -98.98534,
       26.393038
      ],
      [
       -98.985873,
       26.392656
      ],
      [
       -98.986527,
       26.39225
      ],
      [
       -98.987262,
       26.391881
      ],
      [
       -98.987914,
       26.391654
      ],
      [
       -98.988888,
       26.391462
      ],
      [
       -98.989874,
       26.391463
      ],
      [
       -98.991083,
       26.39147
      ],
      [
       -98.992313,
       26.391614
      ],
      [
       -98.993069,
       26.39172
      ],
      [
       -98.993759,
       26.391842
      ],
      [
       -98.994383,
       26.391945
      ],
      [
       -98.995385,
       26.391985
      ],
      [
       -98.995806,
       26.392051
      ],
      [
       -98.99687,
       26.392228
      ],
      [
       -98.997874,
       26.392281
      ],
      [
       -98.9989,
       26.392326
      ],
      [
       -98.999557,
       26.392248
      ],
      [
       -99.000616,
       26.392298
      ],
      [
       -99.001268,
       26.392519
      ],
      [
       -99.001868,
       26.392816
      ],
      [
       -99.003148,
       26.393368
      ],
      [
       -99.003889,
       26.393496
      ],
      [
       -99.004437,
       26.393534
      ],
      [
       -99.00529,
       26.393351
      ],
      [
       -99.00644,
       26.392987
      ],
      [
       -99.007619,
       26.392526
      ],
      [
       -99.007971,
       26.392425
      ],
      [
       -99.008442,
       26.392355
      ],
      [
       -99.009435,
       26.392256
      ],
      [
       -99.009861,
       26.392225
      ],
      [
       -99.010452,
       26.392206
      ],
      [
       -99.010925,
       26.39229
      ],
      [
       -99.011706,
       26.392459
      ],
      [
       -99.011951,
       26.392506
      ],
      [
       -99.012606,
       26.393051
      ],
      [
       -99.012997,
       26.393499
      ],
      [
       -99.013284,
       26.393783
      ],
      [
       -99.013772,
       26.394398
      ],
      [
       -99.014271,
       26.395153
      ],
      [
       -99.014486,
       26.395492
      ],
      [
       -99.014573,
       26.395735
      ],
      [
       -99.014748,
       26.396294
      ],
      [
       -99.014934,
       26.396989
      ],
      [
       -99.015262,
       26.397724
      ],
      [
       -99.015553,
       26.39853
      ],
      [
       -99.016177,
       26.399757
      ],
      [
       -99.016571,
       26.400428
      ],
      [
       -99.017093,
       26.401318
      ],
      [
       -99.017622,
       26.402166
      ],
      [
       -99.018611,
       26.403191
      ],
      [
       -99.019318,
       26.404102
      ],
      [
       -99.019665,
       26.404592
      ],
      [
       -99.020074,
       26.405301
      ],
      [
       -99.020532,
       26.40604
      ],
      [
       -99.020812,
       26.406309
      ],
      [
       -99.02156,
       26.406601
      ],
      [
       -99.022213,
       26.406755
      ],
      [
       -99.022843,
       26.406846
      ],
      [
       -99.023184,
       26.406976
      ],
      [
       -99.024038,
       26.407565
      ],
      [
       -99.024533,
       26.407955
      ],
      [
       -99.025216,
       26.408579
      ],
      [
       -99.025764,
       26.409143
      ],
      [
       -99.025865,
       26.409355
      ],
      [
       -99.025978,
       26.409485
      ],
      [
       -99.026188,
       26.409657
      ],
      [
       -99.026388,
       26.409736
      ]
     ]
    ]
   }
  },
  {
   "type": "Feature",
   "id": "3abf4002-bde7-4402-b511-145cdc9ca1d9",
   "properties": {
    "name": "RGV-MX BZ 6",
    "color": "#ff0000",
    "enabled": true,
    "created_at": "2024-08-06T22:34:29.486089",
    "updated_at": "2024-08-06T22:34:29.486091"
   },
   "geometry": {
    "type": "Polygon",
    "coordinates": [
     [
      [
       -98.586446,
       26.257773
      ],
      [
       -98.587092,
       26.256566
      ],
      [
       -98.589938,
       26.250992
      ],
      [
       -98.606507,
       26.218788
      ],
      [
       -98.60341,
       26.215105
      ],
      [
       -98.597903,
       26.210622
      ],
      [
       -98.590861,
       26.207023
      ],
      [
       -98.587711,
       26.205984
      ],
      [
       -98.58282,
       26.201681
      ],
      [
       -98.578351,
       26.199039
      ],
      [
       -98.573506,
       26.197006
      ],
      [
       -98.568137,
       26.195664
      ],
      [
       -98.562578,
       26.195087
      ],
      [
       -98.554302,
       26.195708
      ],
      [
       -98.546202,
       26.198198
      ],
      [
       -98.542818,
       26.197207
      ],
      [
       -98.540731,
       26.195978
      ],
      [
       -98.537378,
       26.194337
      ],
      [
       -98.533785,
       26.193077
      ],
      [
       -98.530489,
       26.189312
      ],
      [
       -98.524986,
       26.185011
      ],
      [
       -98.517608,
       26.181513
      ],
      [
       -98.51062,
       26.179921
      ],
      [
       -98.50457,
       26.17944
      ],
      [
       -98.500154,
       26.17653
      ],
      [
       -98.495515,
       26.174392
      ],
      [
       -98.491458,
       26.173154
      ],
      [
       -98.490297,
       26.180788
      ],
      [
       -98.485399,
       26.212715
      ],
      [
       -98.486756,
       26.213072
      ],
      [
       -98.488159,
       26.213214
      ],
      [
       -98.489034,
       26.213252
      ],
      [
       -98.48975,
       26.213207
      ],
      [
       -98.490837,
       26.213182
      ],
      [
       -98.491876,
       26.212955
      ],
      [
       -98.492719,
       26.212712
      ],
      [
       -98.493765,
       26.212391
      ],
      [
       -98.494845,
       26.211955
      ],
      [
       -98.496889,
       26.21107
      ],
      [
       -98.499233,
       26.210048
      ],
      [
       -98.501487,
       26.209173
      ],
      [
       -98.503613,
       26.208615
      ],
      [
       -98.504665,
       26.20849
      ],
      [
       -98.505869,
       26.208736
      ],
      [
       -98.506382,
       26.208757
      ],
      [
       -98.506948,
       26.209061
      ],
      [
       -98.507256,
       26.209522
      ],
      [
       -98.507462,
       26.210292
      ],
      [
       -98.507385,
       26.211466
      ],
      [
       -98.507092,
       26.212323
      ],
      [
       -98.506505,
       26.21344
      ],
      [
       -98.505044,
       26.215715
      ],
      [
       -98.50437,
       26.21699
      ],
      [
       -98.503715,
       26.218131
      ],
      [
       -98.503056,
       26.21898
      ],
      [
       -98.501953,
       26.220178
      ],
      [
       -98.501121,
       26.221028
      ],
      [
       -98.50083,
       26.221403
      ],
      [
       -98.500691,
       26.221578
      ],
      [
       -98.500673,
       26.221794
      ],
      [
       -98.500633,
       26.222003
      ],
      [
       -98.500635,
       26.222009
      ],
      [
       -98.500718,
       26.222288
      ],
      [
       -98.500927,
       26.222474
      ],
      [
       -98.501166,
       26.222623
      ],
      [
       -98.501643,
       26.222727
      ],
      [
       -98.502243,
       26.222791
      ],
      [
       -98.502252,
       26.222794
      ],
      [
       -98.502923,
       26.222878
      ],
      [
       -98.50399,
       26.22301
      ],
      [
       -98.503999,
       26.223014
      ],
      [
       -98.504814,
       26.223196
      ],
      [
       -98.505543,
       26.22341
      ],
      [
       -98.505934,
       26.223646
      ],
      [
       -98.506621,
       26.223977
      ],
      [
       -98.507024,
       26.224287
      ],
      [
       -98.507563,
       26.224679
      ],
      [
       -98.508118,
       26.225092
      ],
      [
       -98.508672,
       26.225526
      ],
      [
       -98.508929,
       26.225798
      ],
      [
       -98.50917,
       26.226041
      ],
      [
       -98.509532,
       26.226289
      ],
      [
       -98.510238,
       26.226694
      ],
      [
       -98.510447,
       26.226807
      ],
      [
       -98.510939,
       26.226963
      ],
      [
       -98.511347,
       26.227051
      ],
      [
       -98.511917,
       26.227131
      ],
      [
       -98.512385,
       26.227186
      ],
      [
       -98.512817,
       26.227259
      ],
      [
       -98.513126,
       26.227265
      ],
      [
       -98.513517,
       26.22723
      ],
      [
       -98.51391,
       26.227203
      ],
      [
       -98.514454,
       26.227077
      ],
      [
       -98.515059,
       26.226916
      ],
      [
       -98.515886,
       26.226615
      ],
      [
       -98.516795,
       26.226098
      ],
      [
       -98.517623,
       26.225579
      ],
      [
       -98.518057,
       26.225266
      ],
      [
       -98.518703,
       26.224926
      ],
      [
       -98.519245,
       26.224611
      ],
      [
       -98.519724,
       26.224162
      ],
      [
       -98.520308,
       26.223633
      ],
      [
       -98.520594,
       26.223088
      ],
      [
       -98.520781,
       26.222561
      ],
      [
       -98.520829,
       26.222321
      ],
      [
       -98.520945,
       26.221829
      ],
      [
       -98.521068,
       26.221445
      ],
      [
       -98.521161,
       26.22114
      ],
      [
       -98.521324,
       26.220852
      ],
      [
       -98.521444,
       26.220642
      ],
      [
       -98.521615,
       26.220479
      ],
      [
       -98.521844,
       26.220403
      ],
      [
       -98.521982,
       26.220394
      ],
      [
       -98.522238,
       26.220353
      ],
      [
       -98.522545,
       26.22035
      ],
      [
       -98.522781,
       26.220381
      ],
      [
       -98.523137,
       26.220469
      ],
      [
       -98.523459,
       26.220572
      ],
      [
       -98.523787,
       26.220695
      ],
      [
       -98.523973,
       26.220812
      ],
      [
       -98.52427,
       26.221064
      ],
      [
       -98.524889,
       26.221671
      ],
      [
       -98.525328,
       26.222182
      ],
      [
       -98.525847,
       26.222828
      ],
      [
       -98.526504,
       26.223806
      ],
      [
       -98.526822,
       26.224359
      ],
      [
       -98.527065,
       26.224923
      ],
      [
       -98.527174,
       26.225497
      ],
      [
       -98.52718,
       26.226146
      ],
      [
       -98.527066,
       26.226819
      ],
      [
       -98.526799,
       26.227557
      ],
      [
       -98.526539,
       26.228106
      ],
      [
       -98.526058,
       26.228707
      ],
      [
       -98.525626,
       26.229158
      ],
      [
       -98.525101,
       26.229474
      ],
      [
       -98.524115,
       26.229986
      ],
      [
       -98.523701,
       26.230232
      ],
      [
       -98.523316,
       26.230439
      ],
      [
       -98.522693,
       26.230963
      ],
      [
       -98.522496,
       26.231247
      ],
      [
       -98.522272,
       26.231507
      ],
      [
       -98.522074,
       26.231663
      ],
      [
       -98.521838,
       26.231914
      ],
      [
       -98.521694,
       26.232234
      ],
      [
       -98.521568,
       26.232664
      ],
      [
       -98.521456,
       26.233005
      ],
      [
       -98.521393,
       26.233364
      ],
      [
       -98.521364,
       26.233841
      ],
      [
       -98.521413,
       26.23424
      ],
      [
       -98.521428,
       26.234518
      ],
      [
       -98.521566,
       26.234971
      ],
      [
       -98.521676,
       26.235267
      ],
      [
       -98.52197,
       26.235487
      ],
      [
       -98.522382,
       26.235704
      ],
      [
       -98.523028,
       26.235801
      ],
      [
       -98.523574,
       26.235709
      ],
      [
       -98.524093,
       26.235494
      ],
      [
       -98.5247,
       26.235051
      ],
      [
       -98.525339,
       26.23447
      ],
      [
       -98.525966,
       26.233741
      ],
      [
       -98.526293,
       26.233286
      ],
      [
       -98.526295,
       26.233281
      ],
      [
       -98.526503,
       26.232884
      ],
      [
       -98.526716,
       26.23232
      ],
      [
       -98.526924,
       26.231777
      ],
      [
       -98.527074,
       26.231352
      ],
      [
       -98.527668,
       26.230051
      ],
      [
       -98.528104,
       26.22922
      ],
      [
       -98.528429,
       26.228729
      ],
      [
       -98.528851,
       26.228174
      ],
      [
       -98.529242,
       26.22783
      ],
      [
       -98.529692,
       26.227457
      ],
      [
       -98.530303,
       26.227029
      ],
      [
       -98.530584,
       26.226844
      ],
      [
       -98.531076,
       26.226645
      ],
      [
       -98.531455,
       26.226445
      ],
      [
       -98.531898,
       26.226219
      ],
      [
       -98.532475,
       26.225961
      ],
      [
       -98.532919,
       26.225784
      ],
      [
       -98.533288,
       26.225589
      ],
      [
       -98.533621,
       26.225461
      ],
      [
       -98.533984,
       26.225325
      ],
      [
       -98.534265,
       26.225289
      ],
      [
       -98.534479,
       26.225307
      ],
      [
       -98.53474,
       26.225369
      ],
      [
       -98.535075,
       26.225465
      ],
      [
       -98.535268,
       26.225568
      ],
      [
       -98.535629,
       26.225823
      ],
      [
       -98.535877,
       26.226075
      ],
      [
       -98.536171,
       26.226368
      ],
      [
       -98.53636,
       26.226631
      ],
      [
       -98.536633,
       26.227026
      ],
      [
       -98.536859,
       26.227371
      ],
      [
       -98.536967,
       26.227611
      ],
      [
       -98.53712,
       26.227987
      ],
      [
       -98.537263,
       26.228392
      ],
      [
       -98.537445,
       26.228918
      ],
      [
       -98.53786,
       26.230166
      ],
      [
       -98.538071,
       26.230895
      ],
      [
       -98.5384,
       26.231775
      ],
      [
       -98.538585,
       26.232264
      ],
      [
       -98.538876,
       26.233006
      ],
      [
       -98.53909,
       26.233716
      ],
      [
       -98.539596,
       26.234876
      ],
      [
       -98.539875,
       26.23548
      ],
      [
       -98.540135,
       26.235992
      ],
      [
       -98.541323,
       26.238453
      ],
      [
       -98.541724,
       26.239108
      ],
      [
       -98.542113,
       26.239676
      ],
      [
       -98.542692,
       26.24051
      ],
      [
       -98.542885,
       26.241051
      ],
      [
       -98.542998,
       26.241619
      ],
      [
       -98.543103,
       26.24251
      ],
      [
       -98.543295,
       26.24309
      ],
      [
       -98.543617,
       26.243636
      ],
      [
       -98.544018,
       26.244031
      ],
      [
       -98.544812,
       26.244519
      ],
      [
       -98.545671,
       26.244973
      ],
      [
       -98.54631,
       26.245167
      ],
      [
       -98.546319,
       26.245171
      ],
      [
       -98.546816,
       26.245244
      ],
      [
       -98.546839,
       26.245253
      ],
      [
       -98.547663,
       26.245361
      ],
      [
       -98.548539,
       26.24549
      ],
      [
       -98.549664,
       26.245773
      ],
      [
       -98.550762,
       26.246107
      ],
      [
       -98.550779,
       26.246114
      ],
      [
       -98.551445,
       26.246358
      ],
      [
       -98.552403,
       26.246736
      ],
      [
       -98.552776,
       26.24692
      ],
      [
       -98.553293,
       26.247252
      ],
      [
       -98.553974,
       26.247619
      ],
      [
       -98.554547,
       26.247896
      ],
      [
       -98.555192,
       26.24808
      ],
      [
       -98.555774,
       26.248145
      ],
      [
       -98.55625,
       26.24812
      ],
      [
       -98.556569,
       26.248047
      ],
      [
       -98.556802,
       26.247951
      ],
      [
       -98.557302,
       26.247728
      ],
      [
       -98.557489,
       26.247581
      ],
      [
       -98.557844,
       26.247338
      ],
      [
       -98.558138,
       26.247074
      ],
      [
       -98.558285,
       26.246898
      ],
      [
       -98.558548,
       26.246589
      ],
      [
       -98.558749,
       26.246201
      ],
      [
       -98.558843,
       26.245801
      ],
      [
       -98.558812,
       26.245346
      ],
      [
       -98.558677,
       26.244965
      ],
      [
       -98.558425,
       26.244578
      ],
      [
       -98.558122,
       26.244274
      ],
      [
       -98.557792,
       26.243944
      ],
      [
       -98.557038,
       26.243456
      ],
      [
       -98.556373,
       26.243136
      ],
      [
       -98.555823,
       26.242921
      ],
      [
       -98.555467,
       26.242804
      ],
      [
       -98.554811,
       26.242425
      ],
      [
       -98.554243,
       26.24208
      ],
      [
       -98.553855,
       26.241895
      ],
      [
       -98.553312,
       26.241696
      ],
      [
       -98.552861,
       26.241616
      ],
      [
       -98.552417,
       26.241573
      ],
      [
       -98.552065,
       26.241578
      ],
      [
       -98.551465,
       26.241725
      ],
      [
       -98.550466,
       26.241913
      ],
      [
       -98.549961,
       26.242001
      ],
      [
       -98.549418,
       26.242118
      ],
      [
       -98.54877,
       26.242181
      ],
      [
       -98.548125,
       26.242184
      ],
      [
       -98.547755,
       26.24211
      ],
      [
       -98.546992,
       26.241725
      ],
      [
       -98.546641,
       26.241414
      ],
      [
       -98.546326,
       26.24106
      ],
      [
       -98.546049,
       26.240688
      ],
      [
       -98.545836,
       26.240151
      ],
      [
       -98.545697,
       26.239601
      ],
      [
       -98.545595,
       26.238672
      ],
      [
       -98.545591,
       26.238125
      ],
      [
       -98.545653,
       26.237467
      ],
      [
       -98.545801,
       26.236912
      ],
      [
       -98.545943,
       26.236541
      ],
      [
       -98.546132,
       26.2362
      ],
      [
       -98.546274,
       26.236073
      ],
      [
       -98.546367,
       26.235884
      ],
      [
       -98.5464,
       26.235723
      ],
      [
       -98.546375,
       26.235603
      ],
      [
       -98.546379,
       26.235592
      ],
      [
       -98.546483,
       26.235362
      ],
      [
       -98.546732,
       26.235065
      ],
      [
       -98.547251,
       26.23466
      ],
      [
       -98.547749,
       26.234343
      ],
      [
       -98.548334,
       26.234034
      ],
      [
       -98.548349,
       26.234027
      ],
      [
       -98.548976,
       26.233756
      ],
      [
       -98.548981,
       26.233755
      ],
      [
       -98.549556,
       26.233635
      ],
      [
       -98.550143,
       26.233501
      ],
      [
       -98.55071,
       26.233458
      ],
      [
       -98.551205,
       26.233379
      ],
      [
       -98.552454,
       26.233151
      ],
      [
       -98.553191,
       26.233016
      ],
      [
       -98.553761,
       26.232865
      ],
      [
       -98.554438,
       26.232655
      ],
      [
       -98.554924,
       26.232487
      ],
      [
       -98.555626,
       26.232069
      ],
      [
       -98.556398,
       26.231502
      ],
      [
       -98.556901,
       26.230986
      ],
      [
       -98.557492,
       26.230244
      ],
      [
       -98.557812,
       26.229523
      ],
      [
       -98.558048,
       26.228872
      ],
      [
       -98.558179,
       26.228225
      ],
      [
       -98.558395,
       26.227416
      ],
      [
       -98.55856,
       26.226908
      ],
      [
       -98.558793,
       26.22623
      ],
      [
       -98.558936,
       26.225855
      ],
      [
       -98.559314,
       26.225233
      ],
      [
       -98.559661,
       26.22483
      ],
      [
       -98.559928,
       26.224573
      ],
      [
       -98.560369,
       26.224275
      ],
      [
       -98.560643,
       26.224161
      ],
      [
       -98.561109,
       26.224115
      ],
      [
       -98.561472,
       26.224094
      ],
      [
       -98.561894,
       26.224154
      ],
      [
       -98.56234,
       26.224264
      ],
      [
       -98.562365,
       26.224274
      ],
      [
       -98.562806,
       26.22448
      ],
      [
       -98.563286,
       26.224905
      ],
      [
       -98.563764,
       26.225401
      ],
      [
       -98.564083,
       26.225873
      ],
      [
       -98.564451,
       26.226472
      ],
      [
       -98.564614,
       26.226975
      ],
      [
       -98.564765,
       26.227608
      ],
      [
       -98.564823,
       26.22847
      ],
      [
       -98.564773,
       26.229278
      ],
      [
       -98.564645,
       26.230489
      ],
      [
       -98.564523,
       26.231561
      ],
      [
       -98.564391,
       26.232398
      ],
      [
       -98.564177,
       26.233545
      ],
      [
       -98.564043,
       26.234511
      ],
      [
       -98.563991,
       26.23557
      ],
      [
       -98.564101,
       26.236233
      ],
      [
       -98.564294,
       26.236949
      ],
      [
       -98.564551,
       26.237617
      ],
      [
       -98.564822,
       26.238058
      ],
      [
       -98.564958,
       26.238437
      ],
      [
       -98.565069,
       26.239117
      ],
      [
       -98.565104,
       26.23984
      ],
      [
       -98.565283,
       26.240615
      ],
      [
       -98.565478,
       26.24105
      ],
      [
       -98.565746,
       26.241322
      ],
      [
       -98.566114,
       26.241605
      ],
      [
       -98.566535,
       26.24176
      ],
      [
       -98.567094,
       26.241936
      ],
      [
       -98.567606,
       26.241994
      ],
      [
       -98.568116,
       26.241958
      ],
      [
       -98.568637,
       26.241879
      ],
      [
       -98.569104,
       26.241739
      ],
      [
       -98.569584,
       26.241542
      ],
      [
       -98.570141,
       26.241284
      ],
      [
       -98.57071,
       26.241016
      ],
      [
       -98.571293,
       26.240684
      ],
      [
       -98.571979,
       26.240286
      ],
      [
       -98.572471,
       26.240001
      ],
      [
       -98.572903,
       26.239736
      ],
      [
       -98.573266,
       26.239469
      ],
      [
       -98.573642,
       26.239117
      ],
      [
       -98.573973,
       26.23872
      ],
      [
       -98.574279,
       26.238358
      ],
      [
       -98.57428,
       26.23835
      ],
      [
       -98.574505,
       26.237971
      ],
      [
       -98.574686,
       26.237548
      ],
      [
       -98.574814,
       26.237028
      ],
      [
       -98.574967,
       26.236543
      ],
      [
       -98.575195,
       26.236033
      ],
      [
       -98.575364,
       26.235617
      ],
      [
       -98.575561,
       26.235322
      ],
      [
       -98.575888,
       26.234797
      ],
      [
       -98.576078,
       26.234544
      ],
      [
       -98.576274,
       26.234353
      ],
      [
       -98.576506,
       26.233967
      ],
      [
       -98.57676,
       26.233771
      ],
      [
       -98.577194,
       26.23369
      ],
      [
       -98.57744,
       26.233648
      ],
      [
       -98.577922,
       26.23365
      ],
      [
       -98.57814,
       26.233707
      ],
      [
       -98.578613,
       26.233892
      ],
      [
       -98.579009,
       26.23418
      ],
      [
       -98.579398,
       26.234497
      ],
      [
       -98.579657,
       26.234774
      ],
      [
       -98.579856,
       26.235044
      ],
      [
       -98.580141,
       26.235452
      ],
      [
       -98.58045,
       26.236151
      ],
      [
       -98.580666,
       26.236543
      ],
      [
       -98.580949,
       26.237345
      ],
      [
       -98.581009,
       26.237773
      ],
      [
       -98.581374,
       26.238675
      ],
      [
       -98.581897,
       26.239892
      ],
      [
       -98.582558,
       26.240944
      ],
      [
       -98.582966,
       26.241537
      ],
      [
       -98.583838,
       26.24246
      ],
      [
       -98.584357,
       26.24297
      ],
      [
       -98.584563,
       26.243202
      ],
      [
       -98.584573,
       26.243216
      ],
      [
       -98.584799,
       26.243537
      ],
      [
       -98.585019,
       26.243978
      ],
      [
       -98.585081,
       26.244161
      ],
      [
       -98.585117,
       26.244523
      ],
      [
       -98.58513,
       26.244877
      ],
      [
       -98.585026,
       26.24531
      ],
      [
       -98.584857,
       26.245711
      ],
      [
       -98.584673,
       26.246032
      ],
      [
       -98.58444,
       26.246346
      ],
      [
       -98.584048,
       26.24665
      ],
      [
       -98.583568,
       26.246945
      ],
      [
       -98.582978,
       26.247238
      ],
      [
       -98.582702,
       26.247387
      ],
      [
       -98.582333,
       26.247604
      ],
      [
       -98.581951,
       26.247835
      ],
      [
       -98.581613,
       26.248016
      ],
      [
       -98.581272,
       26.248305
      ],
      [
       -98.58095,
       26.248606
      ],
      [
       -98.580939,
       26.248615
      ],
      [
       -98.580665,
       26.248861
      ],
      [
       -98.580311,
       26.249206
      ],
      [
       -98.5799,
       26.249677
      ],
      [
       -98.579766,
       26.24998
      ],
      [
       -98.579756,
       26.249995
      ],
      [
       -98.579535,
       26.250427
      ],
      [
       -98.579441,
       26.250696
      ],
      [
       -98.579295,
       26.251036
      ],
      [
       -98.579218,
       26.251222
      ],
      [
       -98.579207,
       26.251679
      ],
      [
       -98.579243,
       26.251955
      ],
      [
       -98.579282,
       26.252224
      ],
      [
       -98.57941,
       26.252629
      ],
      [
       -98.579557,
       26.25313
      ],
      [
       -98.579648,
       26.253498
      ],
      [
       -98.579947,
       26.253961
      ],
      [
       -98.580222,
       26.254313
      ],
      [
       -98.580604,
       26.254687
      ],
      [
       -98.580895,
       26.254954
      ],
      [
       -98.581115,
       26.255189
      ],
      [
       -98.581464,
       26.255484
      ],
      [
       -98.581843,
       26.255796
      ],
      [
       -98.582353,
       26.256238
      ],
      [
       -98.583026,
       26.256674
      ],
      [
       -98.583635,
       26.257013
      ],
      [
       -98.584274,
       26.257301
      ],
      [
       -98.584913,
       26.257525
      ],
      [
       -98.585384,
       26.257642
      ],
      [
       -98.586056,
       26.257748
      ],
      [
       -98.586446,
       26.257773
      ]
     ]
    ]
   }
  },
  {
   "type": "Feature",
   "id": "4ce28e40-7a5b-456f-9d70-4f98a3b00dc9",
   "properties": {
    "name": "RGV-WSL 013",
    "color": "#ff0000",
    "enabled": true,
    "created_at": "2024-08-06T21:16:17.017479",
    "updated_at": "2024-08-06T21:16:17.017483"
   },
   "geometry": {
    "type": "Polygon",
    "coordinates": [
     [
      [
       -97.958474,
       26.090601
      ],
      [
       -97.958425,
       26.08847
      ],
      [
       -97.958273,
       26.083212
      ],
      [
       -97.958024,
       26.077463
      ],
      [
       -97.958902,
       26.075048
      ],
      [
       -97.958839,
       26.071909
      ],
      [
       -97.957919,
       26.06889
      ],
      [
       -97.959362,
       26.066358
      ],
      [
       -97.960256,
       26.06442
      ],
      [
       -97.95915,
       26.062356
      ],
      [
       -97.959092,
       26.060135
      ],
      [
       -97.960582,
       26.057837
      ],
      [
       -97.960678,
       26.056304
      ],
      [
       -97.959907,
       26.056785
      ],
      [
       -97.95881,
       26.057557
      ],
      [
       -97.957843,
       26.058441
      ],
      [
       -97.957106,
       26.059266
      ],
      [
       -97.956563,
       26.060067
      ],
      [
       -97.955719,
       26.061142
      ],
      [
       -97.954386,
       26.061718
      ],
      [
       -97.952466,
       26.062065
      ],
      [
       -97.951207,
       26.062223
      ],
      [
       -97.949924,
       26.062143
      ],
      [
       -97.948918,
       26.062019
      ],
      [
       -97.947805,
       26.061659
      ],
      [
       -97.946444,
       26.061027
      ],
      [
       -97.945408,
       26.060485
      ],
      [
       -97.944075,
       26.059681
      ],
      [
       -97.942633,
       26.058757
      ],
      [
       -97.941752,
       26.05801
      ],
      [
       -97.940826,
       26.057131
      ],
      [
       -97.940184,
       26.056353
      ],
      [
       -97.939308,
       26.055111
      ],
      [
       -97.938769,
       26.05437
      ],
      [
       -97.937918,
       26.053472
      ],
      [
       -97.937009,
       26.052914
      ],
      [
       -97.936399,
       26.052745
      ],
      [
       -97.93556,
       26.052601
      ],
      [
       -97.934479,
       26.052656
      ],
      [
       -97.933309,
       26.052969
      ],
      [
       -97.932513,
       26.053499
      ],
      [
       -97.932004,
       26.054057
      ],
      [
       -97.93161,
       26.054651
      ],
      [
       -97.93133,
       26.055284
      ],
      [
       -97.931154,
       26.055918
      ],
      [
       -97.931117,
       26.056678
      ],
      [
       -97.931248,
       26.057425
      ],
      [
       -97.931586,
       26.058039
      ],
      [
       -97.932148,
       26.058634
      ],
      [
       -97.933192,
       26.059405
      ],
      [
       -97.933794,
       26.059653
      ],
      [
       -97.934732,
       26.060168
      ],
      [
       -97.935274,
       26.06041
      ],
      [
       -97.935912,
       26.060715
      ],
      [
       -97.936433,
       26.06104
      ],
      [
       -97.937003,
       26.061524
      ],
      [
       -97.937004,
       26.061537
      ],
      [
       -97.937225,
       26.06205
      ],
      [
       -97.93723,
       26.062562
      ],
      [
       -97.936955,
       26.063348
      ],
      [
       -97.936955,
       26.063354
      ],
      [
       -97.936603,
       26.063767
      ],
      [
       -97.936144,
       26.064229
      ],
      [
       -97.935248,
       26.064971
      ],
      [
       -97.934339,
       26.065445
      ],
      [
       -97.933511,
       26.065593
      ],
      [
       -97.933504,
       26.065594
      ],
      [
       -97.932513,
       26.06561
      ],
      [
       -97.9321,
       26.065507
      ],
      [
       -97.931359,
       26.065253
      ],
      [
       -97.930748,
       26.0648
      ],
      [
       -97.93039,
       26.063881
      ],
      [
       -97.930189,
       26.063142
      ],
      [
       -97.929929,
       26.062318
      ],
      [
       -97.929595,
       26.060857
      ],
      [
       -97.929298,
       26.059454
      ],
      [
       -97.928963,
       26.057974
      ],
      [
       -97.928562,
       26.057019
      ],
      [
       -97.927824,
       26.055535
      ],
      [
       -97.927534,
       26.055108
      ],
      [
       -97.927096,
       26.0549
      ],
      [
       -97.927079,
       26.054896
      ],
      [
       -97.926711,
       26.054922
      ],
      [
       -97.926334,
       26.055092
      ],
      [
       -97.92535,
       26.055598
      ],
      [
       -97.924188,
       26.056112
      ],
      [
       -97.922198,
       26.057167
      ],
      [
       -97.920801,
       26.057816
      ],
      [
       -97.919895,
       26.058123
      ],
      [
       -97.918665,
       26.058202
      ],
      [
       -97.91791,
       26.058014
      ],
      [
       -97.916053,
       26.057328
      ],
      [
       -97.915009,
       26.056916
      ],
      [
       -97.913919,
       26.056506
      ],
      [
       -97.912972,
       26.056347
      ],
      [
       -97.912186,
       26.056302
      ],
      [
       -97.911072,
       26.056452
      ],
      [
       -97.910064,
       26.056681
      ],
      [
       -97.908845,
       26.057211
      ],
      [
       -97.908054,
       26.057659
      ],
      [
       -97.907073,
       26.058338
      ],
      [
       -97.905722,
       26.059307
      ],
      [
       -97.904474,
       26.060114
      ],
      [
       -97.903007,
       26.060764
      ],
      [
       -97.901581,
       26.061207
      ],
      [
       -97.899797,
       26.061343
      ],
      [
       -97.898603,
       26.061301
      ],
      [
       -97.897171,
       26.061123
      ],
      [
       -97.894984,
       26.060565
      ],
      [
       -97.893716,
       26.060231
      ],
      [
       -97.89272,
       26.06016
      ],
      [
       -97.891358,
       26.060313
      ],
      [
       -97.889975,
       26.060786
      ],
      [
       -97.889945,
       26.060793
      ],
      [
       -97.889289,
       26.061097
      ],
      [
       -97.888561,
       26.061822
      ],
      [
       -97.888111,
       26.062582
      ],
      [
       -97.888132,
       26.063471
      ],
      [
       -97.888132,
       26.063477
      ],
      [
       -97.888263,
       26.064719
      ],
      [
       -97.888332,
       26.065276
      ],
      [
       -97.888207,
       26.065991
      ],
      [
       -97.887803,
       26.066529
      ],
      [
       -97.886847,
       26.066652
      ],
      [
       -97.88593,
       26.066511
      ],
      [
       -97.884858,
       26.066206
      ],
      [
       -97.883678,
       26.065976
      ],
      [
       -97.882817,
       26.065943
      ],
      [
       -97.881186,
       26.065746
      ],
      [
       -97.880155,
       26.065375
      ],
      [
       -97.879135,
       26.065184
      ],
      [
       -97.87768,
       26.065043
      ],
      [
       -97.876506,
       26.064507
      ],
      [
       -97.875794,
       26.064026
      ],
      [
       -97.875066,
       26.063536
      ],
      [
       -97.874015,
       26.062593
      ],
      [
       -97.873168,
       26.061593
      ],
      [
       -97.872362,
       26.060338
      ],
      [
       -97.871489,
       26.058907
      ],
      [
       -97.870825,
       26.057945
      ],
      [
       -97.870329,
       26.057354
      ],
      [
       -97.869591,
       26.05689
      ],
      [
       -97.868909,
       26.056838
      ],
      [
       -97.868458,
       26.057107
      ],
      [
       -97.868366,
       26.057618
      ],
      [
       -97.86844,
       26.058036
      ],
      [
       -97.868374,
       26.058512
      ],
      [
       -97.868191,
       26.059068
      ],
      [
       -97.867735,
       26.059833
      ],
      [
       -97.867418,
       26.060409
      ],
      [
       -97.867018,
       26.061204
      ],
      [
       -97.866521,
       26.062341
      ],
      [
       -97.866135,
       26.063252
      ],
      [
       -97.865457,
       26.064767
      ],
      [
       -97.86475,
       26.066648
      ],
      [
       -97.864055,
       26.068284
      ],
      [
       -97.863563,
       26.069126
      ],
      [
       -97.863099,
       26.069644
      ],
      [
       -97.862371,
       26.070021
      ],
      [
       -97.861684,
       26.070183
      ],
      [
       -97.861731,
       26.072755
      ],
      [
       -97.861703,
       26.084312
      ],
      [
       -97.86167,
       26.099198
      ],
      [
       -97.86924,
       26.098405
      ],
      [
       -97.877418,
       26.095729
      ],
      [
       -97.879124,
       26.094891
      ],
      [
       -97.885277,
       26.095675
      ],
      [
       -97.893108,
       26.095266
      ],
      [
       -97.901379,
       26.09286
      ],
      [
       -97.906923,
       26.08985
      ],
      [
       -97.912236,
       26.088607
      ],
      [
       -97.91803,
       26.091745
      ],
      [
       -97.925934,
       26.094038
      ],
      [
       -97.936567,
       26.09454
      ],
      [
       -97.947839,
       26.091817
      ],
      [
       -97.949251,
       26.091179
      ],
      [
       -97.954634,
       26.091111
      ],
      [
       -97.958474,
       26.090601
      ]
     ]
    ]
   }
  },
  {
   "type": "Feature",
   "id": "5347b860-3fa2-45bb-8762-75d0c24b0152",
   "properties": {
    "name": "RGV-MX BZ 11",
    "color": "#ff0000",
    "enabled": true,
    "created_at": "2024-08-06T23:50:48.502631",
    "updated_at": "2024-08-06T23:50:48.502634"
   },
   "geometry": {
    "type": "Polygon",
    "coordinates": [
     [
      [
       -98.20517,
       26.066682
      ],
      [
       -98.211483,
       26.028254
      ],
      [
       -98.205826,
       26.026045
      ],
      [
       -98.19759,
       26.024323
      ],
      [
       -98.189797,
       26.024084
      ],
      [
       -98.182555,
       26.025414
      ],
      [
       -98.176473,
       26.027945
      ],
      [
       -98.17007,
       26.025426
      ],
      [
       -98.163582,
       26.024343
      ],
      [
       -98.154791,
       26.021146
      ],
      [
       -98.140909,
       26.020278
      ],
      [
       -98.130945,
       26.023362
      ],
      [
       -98.123887,
       26.027251
      ],
      [
       -98.117323,
       26.033542
      ],
      [
       -98.113501,
       26.034945
      ],
      [
       -98.111215,
       26.033557
      ],
      [
       -98.109332,
       26.029159
      ],
      [
       -98.10376,
       26.019722
      ],
      [
       -98.093624,
       26.011528
      ],
      [
       -98.075765,
       26.065671
      ],
      [
       -98.07584,
       26.06601
      ],
      [
       -98.076157,
       26.066995
      ],
      [
       -98.076463,
       26.067657
      ],
      [
       -98.076639,
       26.067954
      ],
      [
       -98.07695,
       26.068432
      ],
      [
       -98.077365,
       26.068984
      ],
      [
       -98.077787,
       26.069547
      ],
      [
       -98.078122,
       26.069963
      ],
      [
       -98.078416,
       26.070177
      ],
      [
       -98.078816,
       26.070462
      ],
      [
       -98.079316,
       26.0707
      ],
      [
       -98.079827,
       26.07091
      ],
      [
       -98.080434,
       26.071098
      ],
      [
       -98.080455,
       26.071101
      ],
      [
       -98.081285,
       26.071225
      ],
      [
       -98.082083,
       26.071303
      ],
      [
       -98.082104,
       26.071306
      ],
      [
       -98.083283,
       26.071286
      ],
      [
       -98.084101,
       26.071172
      ],
      [
       -98.084106,
       26.071173
      ],
      [
       -98.084783,
       26.070949
      ],
      [
       -98.085275,
       26.070643
      ],
      [
       -98.085648,
       26.070226
      ],
      [
       -98.085778,
       26.069851
      ],
      [
       -98.085886,
       26.069363
      ],
      [
       -98.085884,
       26.06934
      ],
      [
       -98.085803,
       26.068858
      ],
      [
       -98.085585,
       26.068499
      ],
      [
       -98.085255,
       26.068181
      ],
      [
       -98.084897,
       26.068029
      ],
      [
       -98.084458,
       26.067929
      ],
      [
       -98.083833,
       26.067772
      ],
      [
       -98.083314,
       26.067694
      ],
      [
       -98.082582,
       26.067467
      ],
      [
       -98.082093,
       26.06718
      ],
      [
       -98.081723,
       26.066905
      ],
      [
       -98.081409,
       26.066591
      ],
      [
       -98.081193,
       26.066262
      ],
      [
       -98.081027,
       26.065758
      ],
      [
       -98.080984,
       26.065386
      ],
      [
       -98.080993,
       26.065056
      ],
      [
       -98.081285,
       26.064449
      ],
      [
       -98.081631,
       26.064068
      ],
      [
       -98.081644,
       26.064056
      ],
      [
       -98.081925,
       26.06386
      ],
      [
       -98.08255,
       26.063409
      ],
      [
       -98.083017,
       26.063097
      ],
      [
       -98.083596,
       26.062811
      ],
      [
       -98.084165,
       26.062457
      ],
      [
       -98.084689,
       26.062194
      ],
      [
       -98.085145,
       26.062014
      ],
      [
       -98.086491,
       26.061294
      ],
      [
       -98.086496,
       26.061294
      ],
      [
       -98.086875,
       26.061031
      ],
      [
       -98.086888,
       26.061019
      ],
      [
       -98.08758,
       26.060649
      ],
      [
       -98.088066,
       26.060333
      ],
      [
       -98.088726,
       26.060077
      ],
      [
       -98.089317,
       26.059825
      ],
      [
       -98.089961,
       26.05958
      ],
      [
       -98.089973,
       26.059572
      ],
      [
       -98.090303,
       26.059427
      ],
      [
       -98.090717,
       26.059198
      ],
      [
       -98.091113,
       26.059001
      ],
      [
       -98.091675,
       26.058842
      ],
      [
       -98.092273,
       26.058682
      ],
      [
       -98.092611,
       26.058618
      ],
      [
       -98.093001,
       26.058608
      ],
      [
       -98.093413,
       26.058607
      ],
      [
       -98.093809,
       26.058634
      ],
      [
       -98.094213,
       26.05869
      ],
      [
       -98.094739,
       26.058797
      ],
      [
       -98.094753,
       26.058799
      ],
      [
       -98.095147,
       26.058867
      ],
      [
       -98.095675,
       26.05906
      ],
      [
       -98.096006,
       26.059187
      ],
      [
       -98.096443,
       26.059391
      ],
      [
       -98.096985,
       26.059654
      ],
      [
       -98.097004,
       26.059661
      ],
      [
       -98.097524,
       26.059989
      ],
      [
       -98.098129,
       26.060392
      ],
      [
       -98.09849,
       26.060735
      ],
      [
       -98.098752,
       26.061017
      ],
      [
       -98.099105,
       26.061428
      ],
      [
       -98.099403,
       26.061785
      ],
      [
       -98.099625,
       26.062112
      ],
      [
       -98.099852,
       26.06263
      ],
      [
       -98.100018,
       26.063011
      ],
      [
       -98.10021,
       26.063455
      ],
      [
       -98.100476,
       26.063837
      ],
      [
       -98.100864,
       26.064275
      ],
      [
       -98.10115,
       26.064566
      ],
      [
       -98.101461,
       26.064865
      ],
      [
       -98.101872,
       26.065177
      ],
      [
       -98.10231,
       26.065534
      ],
      [
       -98.102857,
       26.066066
      ],
      [
       -98.103325,
       26.066519
      ],
      [
       -98.103334,
       26.066525
      ],
      [
       -98.103766,
       26.066997
      ],
      [
       -98.10377,
       26.067003
      ],
      [
       -98.104095,
       26.067337
      ],
      [
       -98.104652,
       26.067589
      ],
      [
       -98.105304,
       26.067702
      ],
      [
       -98.106103,
       26.067629
      ],
      [
       -98.106671,
       26.067459
      ],
      [
       -98.107197,
       26.067212
      ],
      [
       -98.107679,
       26.066961
      ],
      [
       -98.108289,
       26.066741
      ],
      [
       -98.109021,
       26.066436
      ],
      [
       -98.109716,
       26.066192
      ],
      [
       -98.11052,
       26.065969
      ],
      [
       -98.111367,
       26.065785
      ],
      [
       -98.11217,
       26.065686
      ],
      [
       -98.113022,
       26.065574
      ],
      [
       -98.114049,
       26.065418
      ],
      [
       -98.114818,
       26.065351
      ],
      [
       -98.115791,
       26.065259
      ],
      [
       -98.11645,
       26.065137
      ],
      [
       -98.117569,
       26.06491
      ],
      [
       -98.118733,
       26.064637
      ],
      [
       -98.119721,
       26.064332
      ],
      [
       -98.1208,
       26.064057
      ],
      [
       -98.121507,
       26.063934
      ],
      [
       -98.121954,
       26.06376
      ],
      [
       -98.122367,
       26.063567
      ],
      [
       -98.122745,
       26.063277
      ],
      [
       -98.123128,
       26.062864
      ],
      [
       -98.123454,
       26.062585
      ],
      [
       -98.123835,
       26.062279
      ],
      [
       -98.124063,
       26.062126
      ],
      [
       -98.124522,
       26.061997
      ],
      [
       -98.124542,
       26.062
      ],
      [
       -98.125103,
       26.061901
      ],
      [
       -98.125437,
       26.061806
      ],
      [
       -98.125905,
       26.061806
      ],
      [
       -98.125915,
       26.061807
      ],
      [
       -98.12647,
       26.061847
      ],
      [
       -98.126676,
       26.061878
      ],
      [
       -98.127211,
       26.062067
      ],
      [
       -98.12746,
       26.062139
      ],
      [
       -98.127816,
       26.062281
      ],
      [
       -98.128474,
       26.062623
      ],
      [
       -98.128954,
       26.062739
      ],
      [
       -98.129943,
       26.06316
      ],
      [
       -98.130414,
       26.063375
      ],
      [
       -98.130613,
       26.063592
      ],
      [
       -98.130858,
       26.063908
      ],
      [
       -98.131027,
       26.064232
      ],
      [
       -98.131155,
       26.06463
      ],
      [
       -98.13124,
       26.06504
      ],
      [
       -98.131263,
       26.065879
      ],
      [
       -98.131179,
       26.066415
      ],
      [
       -98.131108,
       26.066796
      ],
      [
       -98.130964,
       26.067232
      ],
      [
       -98.130963,
       26.067237
      ],
      [
       -98.130632,
       26.067925
      ],
      [
       -98.130251,
       26.068547
      ],
      [
       -98.129776,
       26.069063
      ],
      [
       -98.129354,
       26.069531
      ],
      [
       -98.129026,
       26.069867
      ],
      [
       -98.129018,
       26.069877
      ],
      [
       -98.128677,
       26.070456
      ],
      [
       -98.12867,
       26.07048
      ],
      [
       -98.128454,
       26.071017
      ],
      [
       -98.128252,
       26.071533
      ],
      [
       -98.128169,
       26.072079
      ],
      [
       -98.12822,
       26.072611
      ],
      [
       -98.12838,
       26.073168
      ],
      [
       -98.128595,
       26.073458
      ],
      [
       -98.128838,
       26.073748
      ],
      [
       -98.129083,
       26.073949
      ],
      [
       -98.129528,
       26.07419
      ],
      [
       -98.130034,
       26.074346
      ],
      [
       -98.130595,
       26.074378
      ],
      [
       -98.131148,
       26.074382
      ],
      [
       -98.1317,
       26.074276
      ],
      [
       -98.132411,
       26.074109
      ],
      [
       -98.132871,
       26.073861
      ],
      [
       -98.133451,
       26.073621
      ],
      [
       -98.133922,
       26.073358
      ],
      [
       -98.134477,
       26.072998
      ],
      [
       -98.134911,
       26.072627
      ],
      [
       -98.135886,
       26.071793
      ],
      [
       -98.136395,
       26.071187
      ],
      [
       -98.136729,
       26.070616
      ],
      [
       -98.136943,
       26.070059
      ],
      [
       -98.136943,
       26.070056
      ],
      [
       -98.137155,
       26.06914
      ],
      [
       -98.137153,
       26.069128
      ],
      [
       -98.137152,
       26.069111
      ],
      [
       -98.137177,
       26.068611
      ],
      [
       -98.137174,
       26.068588
      ],
      [
       -98.13713,
       26.068027
      ],
      [
       -98.137056,
       26.067497
      ],
      [
       -98.136881,
       26.066678
      ],
      [
       -98.136792,
       26.066041
      ],
      [
       -98.136658,
       26.065472
      ],
      [
       -98.136611,
       26.064419
      ],
      [
       -98.136704,
       26.063697
      ],
      [
       -98.136796,
       26.06331
      ],
      [
       -98.136978,
       26.062536
      ],
      [
       -98.136978,
       26.062457
      ],
      [
       -98.13705,
       26.062209
      ],
      [
       -98.137494,
       26.061027
      ],
      [
       -98.137745,
       26.060484
      ],
      [
       -98.137858,
       26.060183
      ],
      [
       -98.138618,
       26.058998
      ],
      [
       -98.138984,
       26.058455
      ],
      [
       -98.139195,
       26.058022
      ],
      [
       -98.13938,
       26.057438
      ],
      [
       -98.139552,
       26.056981
      ],
      [
       -98.139554,
       26.056975
      ],
      [
       -98.139701,
       26.056651
      ],
      [
       -98.140014,
       26.05608
      ],
      [
       -98.140408,
       26.055512
      ],
      [
       -98.140691,
       26.055126
      ],
      [
       -98.140691,
       26.055123
      ],
      [
       -98.141486,
       26.054181
      ],
      [
       -98.141794,
       26.053861
      ],
      [
       -98.142133,
       26.053559
      ],
      [
       -98.14238,
       26.053294
      ],
      [
       -98.142532,
       26.053064
      ],
      [
       -98.142599,
       26.052838
      ],
      [
       -98.142687,
       26.052587
      ],
      [
       -98.142756,
       26.052036
      ],
      [
       -98.142758,
       26.052029
      ],
      [
       -98.142812,
       26.051544
      ],
      [
       -98.142813,
       26.051537
      ],
      [
       -98.142818,
       26.051521
      ],
      [
       -98.143086,
       26.051004
      ],
      [
       -98.1434,
       26.050608
      ],
      [
       -98.143868,
       26.050198
      ],
      [
       -98.144398,
       26.049844
      ],
      [
       -98.145014,
       26.049476
      ],
      [
       -98.145444,
       26.049244
      ],
      [
       -98.14574,
       26.049127
      ],
      [
       -98.145763,
       26.049121
      ],
      [
       -98.14613,
       26.049052
      ],
      [
       -98.146556,
       26.04906
      ],
      [
       -98.146795,
       26.049122
      ],
      [
       -98.147238,
       26.04924
      ],
      [
       -98.147551,
       26.049398
      ],
      [
       -98.147956,
       26.049657
      ],
      [
       -98.148393,
       26.049985
      ],
      [
       -98.148698,
       26.050307
      ],
      [
       -98.149149,
       26.050804
      ],
      [
       -98.149399,
       26.051161
      ],
      [
       -98.149521,
       26.051569
      ],
      [
       -98.149524,
       26.051586
      ],
      [
       -98.149585,
       26.051867
      ],
      [
       -98.149527,
       26.052407
      ],
      [
       -98.149377,
       26.053137
      ],
      [
       -98.149254,
       26.053766
      ],
      [
       -98.149206,
       26.054058
      ],
      [
       -98.149237,
       26.054983
      ],
      [
       -98.149417,
       26.055794
      ],
      [
       -98.149717,
       26.056515
      ],
      [
       -98.149975,
       26.056989
      ],
      [
       -98.150363,
       26.057569
      ],
      [
       -98.150861,
       26.057939
      ],
      [
       -98.151276,
       26.058181
      ],
      [
       -98.151878,
       26.058313
      ],
      [
       -98.152615,
       26.058314
      ],
      [
       -98.152972,
       26.05823
      ],
      [
       -98.153519,
       26.058033
      ],
      [
       -98.15422,
       26.057484
      ],
      [
       -98.155039,
       26.056815
      ],
      [
       -98.155695,
       26.056287
      ],
      [
       -98.156244,
       26.055803
      ],
      [
       -98.157386,
       26.054572
      ],
      [
       -98.158454,
       26.053712
      ],
      [
       -98.159034,
       26.053403
      ],
      [
       -98.159698,
       26.053229
      ],
      [
       -98.160255,
       26.053189
      ],
      [
       -98.161056,
       26.053388
      ],
      [
       -98.161426,
       26.053675
      ],
      [
       -98.162,
       26.054126
      ],
      [
       -98.16221,
       26.054481
      ],
      [
       -98.162389,
       26.054794
      ],
      [
       -98.162461,
       26.055259
      ],
      [
       -98.162452,
       26.055742
      ],
      [
       -98.162226,
       26.056487
      ],
      [
       -98.162224,
       26.056502
      ],
      [
       -98.162218,
       26.056528
      ],
      [
       -98.161657,
       26.057155
      ],
      [
       -98.160855,
       26.057992
      ],
      [
       -98.160124,
       26.058559
      ],
      [
       -98.159216,
       26.059293
      ],
      [
       -98.158883,
       26.059574
      ],
      [
       -98.158446,
       26.059995
      ],
      [
       -98.158158,
       26.060417
      ],
      [
       -98.157749,
       26.061175
      ],
      [
       -98.157615,
       26.061724
      ],
      [
       -98.157597,
       26.062337
      ],
      [
       -98.157591,
       26.062351
      ],
      [
       -98.157723,
       26.062885
      ],
      [
       -98.158048,
       26.063559
      ],
      [
       -98.158352,
       26.063889
      ],
      [
       -98.158833,
       26.064209
      ],
      [
       -98.15963,
       26.064528
      ],
      [
       -98.160439,
       26.064573
      ],
      [
       -98.161519,
       26.064429
      ],
      [
       -98.162555,
       26.064215
      ],
      [
       -98.163499,
       26.063837
      ],
      [
       -98.164353,
       26.063339
      ],
      [
       -98.164357,
       26.06334
      ],
      [
       -98.165104,
       26.062958
      ],
      [
       -98.165124,
       26.062949
      ],
      [
       -98.165139,
       26.062948
      ],
      [
       -98.165722,
       26.062736
      ],
      [
       -98.166495,
       26.062628
      ],
      [
       -98.167149,
       26.062704
      ],
      [
       -98.167726,
       26.062904
      ],
      [
       -98.168193,
       26.063169
      ],
      [
       -98.168614,
       26.063629
      ],
      [
       -98.168943,
       26.064084
      ],
      [
       -98.169236,
       26.064682
      ],
      [
       -98.169394,
       26.065418
      ],
      [
       -98.169635,
       26.066192
      ],
      [
       -98.169899,
       26.066958
      ],
      [
       -98.170311,
       26.067919
      ],
      [
       -98.171097,
       26.069564
      ],
      [
       -98.171595,
       26.070435
      ],
      [
       -98.172073,
       26.071232
      ],
      [
       -98.172666,
       26.071992
      ],
      [
       -98.173416,
       26.072792
      ],
      [
       -98.174362,
       26.073662
      ],
      [
       -98.17462,
       26.07385
      ],
      [
       -98.17507,
       26.074242
      ],
      [
       -98.175436,
       26.074589
      ],
      [
       -98.175746,
       26.074875
      ],
      [
       -98.176123,
       26.075159
      ],
      [
       -98.17639,
       26.075245
      ],
      [
       -98.176714,
       26.075268
      ],
      [
       -98.176721,
       26.075269
      ],
      [
       -98.177077,
       26.075259
      ],
      [
       -98.177091,
       26.075261
      ],
      [
       -98.177667,
       26.075083
      ],
      [
       -98.178145,
       26.074919
      ],
      [
       -98.178495,
       26.074754
      ],
      [
       -98.178501,
       26.074755
      ],
      [
       -98.178802,
       26.07459
      ],
      [
       -98.179045,
       26.074407
      ],
      [
       -98.179231,
       26.074192
      ],
      [
       -98.17941,
       26.073981
      ],
      [
       -98.179642,
       26.073648
      ],
      [
       -98.17979,
       26.073277
      ],
      [
       -98.179941,
       26.073006
      ],
      [
       -98.180007,
       26.072742
      ],
      [
       -98.180066,
       26.072445
      ],
      [
       -98.180182,
       26.071726
      ],
      [
       -98.180189,
       26.071447
      ],
      [
       -98.18015,
       26.071151
      ],
      [
       -98.180197,
       26.070899
      ],
      [
       -98.180138,
       26.070499
      ],
      [
       -98.180081,
       26.070181
      ],
      [
       -98.180114,
       26.069573
      ],
      [
       -98.180098,
       26.069229
      ],
      [
       -98.18014,
       26.068832
      ],
      [
       -98.180144,
       26.068545
      ],
      [
       -98.180298,
       26.067968
      ],
      [
       -98.180419,
       26.067638
      ],
      [
       -98.180446,
       26.067266
      ],
      [
       -98.180641,
       26.066276
      ],
      [
       -98.180662,
       26.065896
      ],
      [
       -98.180536,
       26.065619
      ],
      [
       -98.180422,
       26.065453
      ],
      [
       -98.18027,
       26.06521
      ],
      [
       -98.18011,
       26.064981
      ],
      [
       -98.179859,
       26.064754
      ],
      [
       -98.179569,
       26.06453
      ],
      [
       -98.178985,
       26.064209
      ],
      [
       -98.178367,
       26.063915
      ],
      [
       -98.177683,
       26.063668
      ],
      [
       -98.177239,
       26.063416
      ],
      [
       -98.176975,
       26.063232
      ],
      [
       -98.176736,
       26.062851
      ],
      [
       -98.17663,
       26.062568
      ],
      [
       -98.176581,
       26.062053
      ],
      [
       -98.176592,
       26.061605
      ],
      [
       -98.176833,
       26.061013
      ],
      [
       -98.177093,
       26.060684
      ],
      [
       -98.177294,
       26.060432
      ],
      [
       -98.177675,
       26.060202
      ],
      [
       -98.178033,
       26.060059
      ],
      [
       -98.178203,
       26.059985
      ],
      [
       -98.178459,
       26.059931
      ],
      [
       -98.178674,
       26.059913
      ],
      [
       -98.179001,
       26.059977
      ],
      [
       -98.179391,
       26.060168
      ],
      [
       -98.17982,
       26.060449
      ],
      [
       -98.180485,
       26.061116
      ],
      [
       -98.180782,
       26.061457
      ],
      [
       -98.181144,
       26.06189
      ],
      [
       -98.181484,
       26.062261
      ],
      [
       -98.182186,
       26.062899
      ],
      [
       -98.182682,
       26.063265
      ],
      [
       -98.182681,
       26.06327
      ],
      [
       -98.183199,
       26.063612
      ],
      [
       -98.18419,
       26.064064
      ],
      [
       -98.184825,
       26.064248
      ],
      [
       -98.185479,
       26.064441
      ],
      [
       -98.185929,
       26.064494
      ],
      [
       -98.186366,
       26.064499
      ],
      [
       -98.186982,
       26.064399
      ],
      [
       -98.187434,
       26.064241
      ],
      [
       -98.187907,
       26.063969
      ],
      [
       -98.188277,
       26.063684
      ],
      [
       -98.188552,
       26.063469
      ],
      [
       -98.188858,
       26.063144
      ],
      [
       -98.189152,
       26.062668
      ],
      [
       -98.189258,
       26.062283
      ],
      [
       -98.189453,
       26.0615
      ],
      [
       -98.189551,
       26.060958
      ],
      [
       -98.189587,
       26.060384
      ],
      [
       -98.189583,
       26.060372
      ],
      [
       -98.189629,
       26.059958
      ],
      [
       -98.189671,
       26.059096
      ],
      [
       -98.189713,
       26.058811
      ],
      [
       -98.189805,
       26.058359
      ],
      [
       -98.189808,
       26.058349
      ],
      [
       -98.19006,
       26.057586
      ],
      [
       -98.190187,
       26.057239
      ],
      [
       -98.190316,
       26.056977
      ],
      [
       -98.190401,
       26.056797
      ],
      [
       -98.190582,
       26.056467
      ],
      [
       -98.190835,
       26.056007
      ],
      [
       -98.190836,
       26.056004
      ],
      [
       -98.191085,
       26.055556
      ],
      [
       -98.191306,
       26.055073
      ],
      [
       -98.191603,
       26.054458
      ],
      [
       -98.191752,
       26.0542
      ],
      [
       -98.191968,
       26.053934
      ],
      [
       -98.19208,
       26.053679
      ],
      [
       -98.192283,
       26.053193
      ],
      [
       -98.192537,
       26.053049
      ],
      [
       -98.193044,
       26.053011
      ],
      [
       -98.193054,
       26.053009
      ],
      [
       -98.19307,
       26.053009
      ],
      [
       -98.193628,
       26.053051
      ],
      [
       -98.193638,
       26.053053
      ],
      [
       -98.19409,
       26.053135
      ],
      [
       -98.194105,
       26.053134
      ],
      [
       -98.194755,
       26.053338
      ],
      [
       -98.195643,
       26.053639
      ],
      [
       -98.19671,
       26.054063
      ],
      [
       -98.196712,
       26.054067
      ],
      [
       -98.197436,
       26.054504
      ],
      [
       -98.198556,
       26.055303
      ],
      [
       -98.199184,
       26.056069
      ],
      [
       -98.199684,
       26.056759
      ],
      [
       -98.200172,
       26.057744
      ],
      [
       -98.200179,
       26.057749
      ],
      [
       -98.200702,
       26.058813
      ],
      [
       -98.20107,
       26.059774
      ],
      [
       -98.201481,
       26.060786
      ],
      [
       -98.201934,
       26.061756
      ],
      [
       -98.202755,
       26.063327
      ],
      [
       -98.203266,
       26.064347
      ],
      [
       -98.203873,
       26.065387
      ],
      [
       -98.204269,
       26.065865
      ],
      [
       -98.204801,
       26.066443
      ],
      [
       -98.205165,
       26.066729
      ],
      [
       -98.20517,
       26.066682
      ]
     ]
    ]
   }
  },
  {
   "type": "Feature",
   "id": "5e0e13f5-e5d3-44cf-8546-64de5188616b",
   "properties": {
    "name": "RGV-RGC 001",
    "color": "#ff0000",
    "enabled": true,
    "created_at": "2024-08-06T19:56:51.852264",
    "updated_at": "2024-08-06T19:56:51.852267"
   },
   "geometry": {
    "type": "Polygon",
    "coordinates": [
     [
      [
       -99.140432,
       26.590866
      ],
      [
       -99.134939,
       26.55663
      ],
      [
       -99.113138,
       26.551409
      ],
      [
       -99.091852,
       26.533441
      ],
      [
       -99.075029,
       26.511016
      ],
      [
       -99.061468,
       26.486282
      ],
      [
       -99.05958,
       26.473683
      ],
      [
       -99.062155,
       26.461696
      ],
      [
       -99.06782,
       26.450938
      ],
      [
       -99.072283,
       26.433109
      ],
      [
       -99.06885,
       26.430649
      ],
      [
       -99.05855,
       26.437259
      ],
      [
       -99.042414,
       26.442485
      ],
      [
       -99.025934,
       26.441563
      ],
      [
       -99.020784,
       26.413739
      ],
      [
       -99.023359,
       26.410972
      ],
      [
       -99.026595,
       26.409866
      ],
      [
       -99.028663,
       26.410896
      ],
      [
       -99.030303,
       26.412222
      ],
      [
       -99.035924,
       26.413514
      ],
      [
       -99.038323,
       26.41338
      ],
      [
       -99.040525,
       26.412713
      ],
      [
       -99.043446,
       26.411234
      ],
      [
       -99.045939,
       26.409636
      ],
      [
       -99.047096,
       26.407791
      ],
      [
       -99.049275,
       26.405975
      ],
      [
       -99.053535,
       26.40196
      ],
      [
       -99.055697,
       26.400619
      ],
      [
       -99.05903,
       26.399101
      ],
      [
       -99.061935,
       26.397423
      ],
      [
       -99.06369,
       26.397139
      ],
      [
       -99.06555,
       26.397193
      ],
      [
       -99.067802,
       26.397469
      ],
      [
       -99.070599,
       26.397538
      ],
      [
       -99.072472,
       26.397342
      ],
      [
       -99.073837,
       26.396993
      ],
      [
       -99.075169,
       26.396909
      ],
      [
       -99.077846,
       26.397157
      ],
      [
       -99.079801,
       26.397268
      ],
      [
       -99.081338,
       26.396487
      ],
      [
       -99.083517,
       26.39727
      ],
      [
       -99.084986,
       26.398364
      ],
      [
       -99.085569,
       26.399264
      ],
      [
       -99.086349,
       26.401376
      ],
      [
       -99.087086,
       26.403974
      ],
      [
       -99.087868,
       26.404917
      ],
      [
       -99.088507,
       26.406803
      ],
      [
       -99.089621,
       26.408358
      ],
      [
       -99.091388,
       26.409437
      ],
      [
       -99.093321,
       26.410427
      ],
      [
       -99.095509,
       26.411358
      ],
      [
       -99.096988,
       26.412792
      ],
      [
       -99.098102,
       26.415039
      ],
      [
       -99.099613,
       26.417346
      ],
      [
       -99.102244,
       26.419354
      ],
      [
       -99.10509,
       26.421983
      ],
      [
       -99.105802,
       26.423342
      ],
      [
       -99.10828,
       26.425085
      ],
      [
       -99.110103,
       26.42612
      ],
      [
       -99.110946,
       26.426357
      ],
      [
       -99.112856,
       26.430495
      ],
      [
       -99.113744,
       26.432932
      ],
      [
       -99.113742,
       26.434366
      ],
      [
       -99.113219,
       26.435056
      ],
      [
       -99.111706,
       26.435745
      ],
      [
       -99.108285,
       26.437124
      ],
      [
       -99.106217,
       26.43833
      ],
      [
       -99.104511,
       26.439626
      ],
      [
       -99.103218,
       26.441217
      ],
      [
       -99.102485,
       26.442985
      ],
      [
       -99.102443,
       26.448024
      ],
      [
       -99.101271,
       26.449409
      ],
      [
       -99.100495,
       26.451384
      ],
      [
       -99.1,
       26.453019
      ],
      [
       -99.100032,
       26.454566
      ],
      [
       -99.100689,
       26.456205
      ],
      [
       -99.100694,
       26.458279
      ],
      [
       -99.099495,
       26.461372
      ],
      [
       -99.097183,
       26.464375
      ],
      [
       -99.094442,
       26.46723
      ],
      [
       -99.093397,
       26.469073
      ],
      [
       -99.09248,
       26.471038
      ],
      [
       -99.092153,
       26.473792
      ],
      [
       -99.091562,
       26.475867
      ],
      [
       -99.092644,
       26.478085
      ],
      [
       -99.095722,
       26.481897
      ],
      [
       -99.096268,
       26.483399
      ],
      [
       -99.097837,
       26.486436
      ],
      [
       -99.100436,
       26.49161
      ],
      [
       -99.101487,
       26.494091
      ],
      [
       -99.103058,
       26.496233
      ],
      [
       -99.105123,
       26.500639
      ],
      [
       -99.111458,
       26.507043
      ],
      [
       -99.113285,
       26.510142
      ],
      [
       -99.115881,
       26.512998
      ],
      [
       -99.117956,
       26.516066
      ],
      [
       -99.121112,
       26.51839
      ],
      [
       -99.122777,
       26.519973
      ],
      [
       -99.128326,
       26.525733
      ],
      [
       -99.135358,
       26.526408
      ],
      [
       -99.136997,
       26.527424
      ],
      [
       -99.138825,
       26.527585
      ],
      [
       -99.142324,
       26.527961
      ],
      [
       -99.145179,
       26.52868
      ],
      [
       -99.151041,
       26.53061
      ],
      [
       -99.153159,
       26.531848
      ],
      [
       -99.156632,
       26.532504
      ],
      [
       -99.160961,
       26.534663
      ],
      [
       -99.162987,
       26.534347
      ],
      [
       -99.167139,
       26.536301
      ],
      [
       -99.168126,
       26.536993
      ],
      [
       -99.169099,
       26.538173
      ],
      [
       -99.170498,
       26.540632
      ],
      [
       -99.171561,
       26.543077
      ],
      [
       -99.171983,
       26.545686
      ],
      [
       -99.171671,
       26.548783
      ],
      [
       -99.170718,
       26.551826
      ],
      [
       -99.168696,
       26.555845
      ],
      [
       -99.16704,
       26.559701
      ],
      [
       -99.169271,
       26.571984
      ],
      [
       -99.140432,
       26.590866
      ]
     ]
    ]
   }
  },
  {
   "type": "Feature",
   "id": "64f03cd0-30ba-451e-ab2e-efcfc57f18e0",
   "properties": {
    "name": "RGV-MX BZ 8",
    "color": "#ff0000",
    "enabled": true,
    "created_at": "2024-08-06T22:58:38.565998",
    "updated_at": "2024-08-06T22:58:38.566001"
   },
   "geometry": {
    "type": "Polygon",
    "coordinates": [
     [
      [
       -98.407888,
       26.183307
      ],
      [
       -98.407976,
       26.182852
      ],
      [
       -98.415581,
       26.144167
      ],
      [
       -98.414474,
       26.142613
      ],
      [
       -98.412425,
       26.140163
      ],
      [
       -98.408317,
       26.136244
      ],
      [
       -98.404267,
       26.133426
      ],
      [
       -98.399812,
       26.131203
      ],
      [
       -98.395494,
       26.129605
      ],
      [
       -98.390151,
       26.128277
      ],
      [
       -98.38203,
       26.127662
      ],
      [
       -98.376025,
       26.128084
      ],
      [
       -98.372795,
       26.128451
      ],
      [
       -98.368721,
       26.125963
      ],
      [
       -98.363374,
       26.12375
      ],
      [
       -98.360242,
       26.118951
      ],
      [
       -98.356438,
       26.113593
      ],
      [
       -98.354154,
       26.110847
      ],
      [
       -98.35206,
       26.116781
      ],
      [
       -98.334884,
       26.165251
      ],
      [
       -98.33558,
       26.165789
      ],
      [
       -98.33613,
       26.166091
      ],
      [
       -98.336906,
       26.166374
      ],
      [
       -98.33739,
       26.166519
      ],
      [
       -98.338346,
       26.166676
      ],
      [
       -98.339481,
       26.166778
      ],
      [
       -98.34079,
       26.166871
      ],
      [
       -98.3416,
       26.166908
      ],
      [
       -98.341772,
       26.166911
      ],
      [
       -98.341988,
       26.166966
      ],
      [
       -98.34223,
       26.16706
      ],
      [
       -98.342433,
       26.167144
      ],
      [
       -98.342695,
       26.16717
      ],
      [
       -98.343173,
       26.167202
      ],
      [
       -98.343654,
       26.167167
      ],
      [
       -98.344167,
       26.167071
      ],
      [
       -98.344707,
       26.166909
      ],
      [
       -98.345016,
       26.166764
      ],
      [
       -98.345359,
       26.166594
      ],
      [
       -98.345828,
       26.166267
      ],
      [
       -98.346242,
       26.165958
      ],
      [
       -98.346524,
       26.165689
      ],
      [
       -98.346751,
       26.165415
      ],
      [
       -98.346986,
       26.165131
      ],
      [
       -98.347201,
       26.164848
      ],
      [
       -98.347415,
       26.164516
      ],
      [
       -98.347547,
       26.164258
      ],
      [
       -98.347759,
       26.163784
      ],
      [
       -98.347979,
       26.163223
      ],
      [
       -98.348235,
       26.162583
      ],
      [
       -98.348336,
       26.162253
      ],
      [
       -98.348429,
       26.162004
      ],
      [
       -98.348511,
       26.161743
      ],
      [
       -98.348563,
       26.161593
      ],
      [
       -98.34857,
       26.161274
      ],
      [
       -98.348623,
       26.160754
      ],
      [
       -98.34864,
       26.160409
      ],
      [
       -98.348699,
       26.159786
      ],
      [
       -98.348751,
       26.159005
      ],
      [
       -98.348748,
       26.157793
      ],
      [
       -98.348773,
       26.157316
      ],
      [
       -98.348769,
       26.156774
      ],
      [
       -98.348776,
       26.15624
      ],
      [
       -98.348698,
       26.156016
      ],
      [
       -98.348766,
       26.155763
      ],
      [
       -98.348685,
       26.155417
      ],
      [
       -98.348644,
       26.155088
      ],
      [
       -98.348602,
       26.15457
      ],
      [
       -98.348616,
       26.154243
      ],
      [
       -98.348674,
       26.153888
      ],
      [
       -98.348761,
       26.153576
      ],
      [
       -98.348851,
       26.153311
      ],
      [
       -98.349013,
       26.153103
      ],
      [
       -98.349266,
       26.15263
      ],
      [
       -98.349524,
       26.152317
      ],
      [
       -98.349784,
       26.152012
      ],
      [
       -98.350077,
       26.151777
      ],
      [
       -98.350354,
       26.151565
      ],
      [
       -98.350617,
       26.15148
      ],
      [
       -98.35089,
       26.151374
      ],
      [
       -98.351257,
       26.151277
      ],
      [
       -98.351486,
       26.151244
      ],
      [
       -98.35149,
       26.151245
      ],
      [
       -98.351868,
       26.151161
      ],
      [
       -98.352234,
       26.151126
      ],
      [
       -98.35261,
       26.151091
      ],
      [
       -98.353007,
       26.151311
      ],
      [
       -98.353171,
       26.151486
      ],
      [
       -98.353397,
       26.151677
      ],
      [
       -98.353416,
       26.151691
      ],
      [
       -98.353559,
       26.151844
      ],
      [
       -98.353822,
       26.152134
      ],
      [
       -98.354378,
       26.152811
      ],
      [
       -98.354659,
       26.153226
      ],
      [
       -98.354986,
       26.153687
      ],
      [
       -98.35554,
       26.154475
      ],
      [
       -98.355913,
       26.154996
      ],
      [
       -98.356369,
       26.155643
      ],
      [
       -98.357232,
       26.156868
      ],
      [
       -98.357668,
       26.157435
      ],
      [
       -98.358164,
       26.158303
      ],
      [
       -98.358343,
       26.158762
      ],
      [
       -98.358351,
       26.158772
      ],
      [
       -98.358547,
       26.159391
      ],
      [
       -98.358545,
       26.159415
      ],
      [
       -98.358602,
       26.159784
      ],
      [
       -98.358626,
       26.160653
      ],
      [
       -98.358624,
       26.160667
      ],
      [
       -98.358572,
       26.161476
      ],
      [
       -98.358529,
       26.161954
      ],
      [
       -98.358441,
       26.162471
      ],
      [
       -98.358261,
       26.16322
      ],
      [
       -98.35797,
       26.164001
      ],
      [
       -98.357849,
       26.164484
      ],
      [
       -98.357672,
       26.165179
      ],
      [
       -98.357506,
       26.165847
      ],
      [
       -98.357368,
       26.166584
      ],
      [
       -98.357326,
       26.167327
      ],
      [
       -98.357404,
       26.168208
      ],
      [
       -98.357485,
       26.168815
      ],
      [
       -98.357635,
       26.169546
      ],
      [
       -98.357994,
       26.170495
      ],
      [
       -98.35822,
       26.170973
      ],
      [
       -98.358432,
       26.171432
      ],
      [
       -98.358564,
       26.171656
      ],
      [
       -98.358914,
       26.172072
      ],
      [
       -98.359218,
       26.172335
      ],
      [
       -98.359551,
       26.172496
      ],
      [
       -98.359968,
       26.172603
      ],
      [
       -98.360201,
       26.172549
      ],
      [
       -98.360514,
       26.172502
      ],
      [
       -98.360878,
       26.172404
      ],
      [
       -98.361404,
       26.172222
      ],
      [
       -98.361774,
       26.172096
      ],
      [
       -98.36204,
       26.171973
      ],
      [
       -98.362335,
       26.171794
      ],
      [
       -98.362791,
       26.171483
      ],
      [
       -98.363344,
       26.171054
      ],
      [
       -98.363656,
       26.170842
      ],
      [
       -98.364022,
       26.1706
      ],
      [
       -98.364432,
       26.170272
      ],
      [
       -98.364681,
       26.17016
      ],
      [
       -98.365187,
       26.169966
      ],
      [
       -98.365555,
       26.169838
      ],
      [
       -98.366063,
       26.169635
      ],
      [
       -98.366446,
       26.169457
      ],
      [
       -98.366823,
       26.169188
      ],
      [
       -98.367032,
       26.168949
      ],
      [
       -98.367156,
       26.168752
      ],
      [
       -98.367305,
       26.168482
      ],
      [
       -98.367337,
       26.168175
      ],
      [
       -98.367396,
       26.167776
      ],
      [
       -98.367332,
       26.167449
      ],
      [
       -98.367241,
       26.167103
      ],
      [
       -98.367095,
       26.166832
      ],
      [
       -98.366643,
       26.166258
      ],
      [
       -98.366424,
       26.166002
      ],
      [
       -98.366017,
       26.165651
      ],
      [
       -98.365723,
       26.165379
      ],
      [
       -98.365377,
       26.164982
      ],
      [
       -98.36499,
       26.164482
      ],
      [
       -98.36478,
       26.1641
      ],
      [
       -98.364606,
       26.163653
      ],
      [
       -98.364484,
       26.163257
      ],
      [
       -98.364358,
       26.162694
      ],
      [
       -98.364232,
       26.162196
      ],
      [
       -98.364205,
       26.161971
      ],
      [
       -98.364242,
       26.161484
      ],
      [
       -98.36427,
       26.16096
      ],
      [
       -98.364271,
       26.160554
      ],
      [
       -98.36436,
       26.16017
      ],
      [
       -98.364444,
       26.159848
      ],
      [
       -98.364521,
       26.159565
      ],
      [
       -98.364645,
       26.159264
      ],
      [
       -98.364814,
       26.158938
      ],
      [
       -98.365055,
       26.158536
      ],
      [
       -98.36544,
       26.158226
      ],
      [
       -98.365868,
       26.157995
      ],
      [
       -98.366039,
       26.157904
      ],
      [
       -98.366369,
       26.157767
      ],
      [
       -98.366671,
       26.157674
      ],
      [
       -98.367508,
       26.157524
      ],
      [
       -98.367948,
       26.157487
      ],
      [
       -98.368835,
       26.157404
      ],
      [
       -98.369915,
       26.157425
      ],
      [
       -98.370836,
       26.157474
      ],
      [
       -98.371945,
       26.157544
      ],
      [
       -98.373002,
       26.157583
      ],
      [
       -98.373873,
       26.157612
      ],
      [
       -98.374469,
       26.157617
      ],
      [
       -98.375456,
       26.157514
      ],
      [
       -98.376181,
       26.15738
      ],
      [
       -98.377259,
       26.157248
      ],
      [
       -98.378088,
       26.15709
      ],
      [
       -98.378679,
       26.15702
      ],
      [
       -98.378683,
       26.157021
      ],
      [
       -98.379944,
       26.156887
      ],
      [
       -98.380311,
       26.156818
      ],
      [
       -98.380327,
       26.156817
      ],
      [
       -98.380933,
       26.156776
      ],
      [
       -98.381634,
       26.156727
      ],
      [
       -98.382133,
       26.15673
      ],
      [
       -98.382929,
       26.156733
      ],
      [
       -98.384001,
       26.156786
      ],
      [
       -98.384017,
       26.156789
      ],
      [
       -98.384034,
       26.156788
      ],
      [
       -98.384672,
       26.156957
      ],
      [
       -98.385491,
       26.15723
      ],
      [
       -98.386449,
       26.157656
      ],
      [
       -98.386908,
       26.157924
      ],
      [
       -98.38754,
       26.158545
      ],
      [
       -98.387988,
       26.159153
      ],
      [
       -98.388406,
       26.159796
      ],
      [
       -98.388861,
       26.160538
      ],
      [
       -98.389137,
       26.161129
      ],
      [
       -98.389449,
       26.161713
      ],
      [
       -98.389867,
       26.16277
      ],
      [
       -98.390391,
       26.163834
      ],
      [
       -98.390914,
       26.16479
      ],
      [
       -98.391667,
       26.16587
      ],
      [
       -98.392376,
       26.166714
      ],
      [
       -98.393078,
       26.16747
      ],
      [
       -98.394063,
       26.168254
      ],
      [
       -98.395025,
       26.168963
      ],
      [
       -98.396304,
       26.169812
      ],
      [
       -98.3974,
       26.170407
      ],
      [
       -98.397408,
       26.170413
      ],
      [
       -98.397837,
       26.170534
      ],
      [
       -98.398401,
       26.170501
      ],
      [
       -98.398776,
       26.170396
      ],
      [
       -98.399162,
       26.17022
      ],
      [
       -98.399493,
       26.170094
      ],
      [
       -98.399923,
       26.16997
      ],
      [
       -98.400334,
       26.169906
      ],
      [
       -98.400786,
       26.169981
      ],
      [
       -98.401111,
       26.170182
      ],
      [
       -98.401525,
       26.170565
      ],
      [
       -98.401527,
       26.170577
      ],
      [
       -98.401712,
       26.170821
      ],
      [
       -98.401956,
       26.171106
      ],
      [
       -98.40212,
       26.171459
      ],
      [
       -98.402447,
       26.171993
      ],
      [
       -98.40264,
       26.172629
      ],
      [
       -98.402644,
       26.172635
      ],
      [
       -98.402755,
       26.173096
      ],
      [
       -98.402803,
       26.173604
      ],
      [
       -98.402858,
       26.173948
      ],
      [
       -98.402862,
       26.173964
      ],
      [
       -98.402843,
       26.174368
      ],
      [
       -98.40286,
       26.174976
      ],
      [
       -98.402695,
       26.175581
      ],
      [
       -98.402514,
       26.17634
      ],
      [
       -98.402304,
       26.176767
      ],
      [
       -98.401889,
       26.177749
      ],
      [
       -98.401535,
       26.178863
      ],
      [
       -98.401613,
       26.179833
      ],
      [
       -98.401896,
       26.180433
      ],
      [
       -98.40231,
       26.181029
      ],
      [
       -98.402757,
       26.181456
      ],
      [
       -98.403932,
       26.182187
      ],
      [
       -98.404684,
       26.182533
      ],
      [
       -98.405814,
       26.182978
      ],
      [
       -98.406866,
       26.183201
      ],
      [
       -98.40758,
       26.183275
      ],
      [
       -98.407888,
       26.183307
      ]
     ]
    ]
   }
  },
  {
   "type": "Feature",
   "id": "6c8e2a0e-e694-49a1-9521-cc8271b04542",
   "properties": {
    "name": "RGV-MCS 007",
    "color": "#ff0000",
    "enabled": true,
    "created_at": "2024-08-06T20:26:08.059500",
    "updated_at": "2024-08-06T20:26:08.059503"
   },
   "geometry": {
    "type": "Polygon",
    "coordinates": [
     [
      [
       -98.479436,
       26.248145
      ],
      [
       -98.480958,
       26.239663
      ],
      [
       -98.481287,
       26.237618
      ],
      [
       -98.481787,
       26.236269
      ],
      [
       -98.482231,
       26.232839
      ],
      [
       -98.482436,
       26.232887
      ],
      [
       -98.484376,
       26.221217
      ],
      [
       -98.485395,
       26.212848
      ],
      [
       -98.485234,
       26.212634
      ],
      [
       -98.48388,
       26.211986
      ],
      [
       -98.483258,
       26.211355
      ],
      [
       -98.482678,
       26.210412
      ],
      [
       -98.481847,
       26.208728
      ],
      [
       -98.481457,
       26.207262
      ],
      [
       -98.481517,
       26.205834
      ],
      [
       -98.481858,
       26.204483
      ],
      [
       -98.482591,
       26.203589
      ],
      [
       -98.482968,
       26.203285
      ],
      [
       -98.483397,
       26.202841
      ],
      [
       -98.483649,
       26.202115
      ],
      [
       -98.483416,
       26.201152
      ],
      [
       -98.482807,
       26.200939
      ],
      [
       -98.481905,
       26.200802
      ],
      [
       -98.480726,
       26.200778
      ],
      [
       -98.479515,
       26.201178
      ],
      [
       -98.478283,
       26.201961
      ],
      [
       -98.477561,
       26.203017
      ],
      [
       -98.477517,
       26.204582
      ],
      [
       -98.477965,
       26.206318
      ],
      [
       -98.478433,
       26.208247
      ],
      [
       -98.479083,
       26.209938
      ],
      [
       -98.480799,
       26.212239
      ],
      [
       -98.482189,
       26.213726
      ],
      [
       -98.483011,
       26.214767
      ],
      [
       -98.483359,
       26.216625
      ],
      [
       -98.482775,
       26.21865
      ],
      [
       -98.481012,
       26.22002
      ],
      [
       -98.478004,
       26.220358
      ],
      [
       -98.474872,
       26.220177
      ],
      [
       -98.472132,
       26.220501
      ],
      [
       -98.470245,
       26.221012
      ],
      [
       -98.467926,
       26.221965
      ],
      [
       -98.465488,
       26.223491
      ],
      [
       -98.46399,
       26.224791
      ],
      [
       -98.462596,
       26.225751
      ],
      [
       -98.46112,
       26.226217
      ],
      [
       -98.459524,
       26.226252
      ],
      [
       -98.458462,
       26.225636
      ],
      [
       -98.45775,
       26.225149
      ],
      [
       -98.457039,
       26.223793
      ],
      [
       -98.456231,
       26.222293
      ],
      [
       -98.455853,
       26.220399
      ],
      [
       -98.455755,
       26.218057
      ],
      [
       -98.455563,
       26.217344
      ],
      [
       -98.455137,
       26.21676
      ],
      [
       -98.454227,
       26.216701
      ],
      [
       -98.453602,
       26.217086
      ],
      [
       -98.453387,
       26.217909
      ],
      [
       -98.453156,
       26.219332
      ],
      [
       -98.45268,
       26.220423
      ],
      [
       -98.451417,
       26.221969
      ],
      [
       -98.449886,
       26.223152
      ],
      [
       -98.448262,
       26.223959
      ],
      [
       -98.446168,
       26.22445
      ],
      [
       -98.44478,
       26.224453
      ],
      [
       -98.443546,
       26.22404
      ],
      [
       -98.442412,
       26.22307
      ],
      [
       -98.441607,
       26.221732
      ],
      [
       -98.440291,
       26.219375
      ],
      [
       -98.439306,
       26.216316
      ],
      [
       -98.43872,
       26.213668
      ],
      [
       -98.438903,
       26.210628
      ],
      [
       -98.440127,
       26.208847
      ],
      [
       -98.44159,
       26.207876
      ],
      [
       -98.443153,
       26.206216
      ],
      [
       -98.444288,
       26.204383
      ],
      [
       -98.444728,
       26.20224
      ],
      [
       -98.444168,
       26.200764
      ],
      [
       -98.442662,
       26.199225
      ],
      [
       -98.441384,
       26.198253
      ],
      [
       -98.439819,
       26.197721
      ],
      [
       -98.436845,
       26.196687
      ],
      [
       -98.434171,
       26.195919
      ],
      [
       -98.431662,
       26.195057
      ],
      [
       -98.428887,
       26.193774
      ],
      [
       -98.426778,
       26.192436
      ],
      [
       -98.424358,
       26.190803
      ],
      [
       -98.422773,
       26.189372
      ],
      [
       -98.421026,
       26.187375
      ],
      [
       -98.419562,
       26.185781
      ],
      [
       -98.417804,
       26.184434
      ],
      [
       -98.415935,
       26.183424
      ],
      [
       -98.414216,
       26.183161
      ],
      [
       -98.41243,
       26.183284
      ],
      [
       -98.411258,
       26.183438
      ],
      [
       -98.409627,
       26.183392
      ],
      [
       -98.407885,
       26.183307
      ],
      [
       -98.407716,
       26.184709
      ],
      [
       -98.40707,
       26.188585
      ],
      [
       -98.406475,
       26.191768
      ],
      [
       -98.404508,
       26.203774
      ],
      [
       -98.402961,
       26.212545
      ],
      [
       -98.406509,
       26.215101
      ],
      [
       -98.408271,
       26.224287
      ],
      [
       -98.412464,
       26.234035
      ],
      [
       -98.41567,
       26.239333
      ],
      [
       -98.427932,
       26.241172
      ],
      [
       -98.479436,
       26.248145
      ]
     ]
    ]
   }
  },
  {
   "type": "Feature",
   "id": "7e057492-34a8-4fba-80d3-b117c26e274b",
   "properties": {
    "name": "RGV-MX BZ 4",
    "color": "#ff0000",
    "enabled": true,
    "created_at": "2024-08-06T22:11:13.351269",
    "updated_at": "2024-08-06T22:11:13.351273"
   },
   "geometry": {
    "type": "Polygon",
    "coordinates": [
     [
      [
       -98.814088,
       26.365827
      ],
      [
       -98.824184,
       26.334089
      ],
      [
       -98.821572,
       26.329816
      ],
      [
       -98.820732,
       26.324569
      ],
      [
       -98.818677,
       26.319185
      ],
      [
       -98.81531,
       26.313758
      ],
      [
       -98.81029,
       26.308872
      ],
      [
       -98.801909,
       26.303683
      ],
      [
       -98.794434,
       26.300605
      ],
      [
       -98.788168,
       26.298307
      ],
      [
       -98.78671,
       26.293615
      ],
      [
       -98.783971,
       26.288182
      ],
      [
       -98.780361,
       26.283435
      ],
      [
       -98.779189,
       26.282096
      ],
      [
       -98.776804,
       26.278735
      ],
      [
       -98.772987,
       26.274879
      ],
      [
       -98.769118,
       26.271932
      ],
      [
       -98.763298,
       26.268893
      ],
      [
       -98.7583,
       26.267147
      ],
      [
       -98.751325,
       26.265552
      ],
      [
       -98.745503,
       26.267875
      ],
      [
       -98.738591,
       26.270817
      ],
      [
       -98.701723,
       26.286174
      ],
      [
       -98.702327,
       26.286766
      ],
      [
       -98.70297,
       26.28726
      ],
      [
       -98.703592,
       26.287607
      ],
      [
       -98.70411,
       26.287847
      ],
      [
       -98.705154,
       26.288242
      ],
      [
       -98.705742,
       26.288484
      ],
      [
       -98.70653,
       26.288869
      ],
      [
       -98.707132,
       26.289125
      ],
      [
       -98.707702,
       26.28934
      ],
      [
       -98.708537,
       26.289324
      ],
      [
       -98.708543,
       26.289326
      ],
      [
       -98.708927,
       26.289143
      ],
      [
       -98.709486,
       26.288892
      ],
      [
       -98.710136,
       26.288428
      ],
      [
       -98.710784,
       26.287949
      ],
      [
       -98.711355,
       26.287532
      ],
      [
       -98.71192,
       26.287183
      ],
      [
       -98.712289,
       26.286967
      ],
      [
       -98.713086,
       26.286617
      ],
      [
       -98.713925,
       26.286333
      ],
      [
       -98.714816,
       26.286099
      ],
      [
       -98.715461,
       26.285953
      ],
      [
       -98.716059,
       26.285927
      ],
      [
       -98.7164,
       26.286028
      ],
      [
       -98.716987,
       26.286239
      ],
      [
       -98.717354,
       26.286443
      ],
      [
       -98.717733,
       26.286748
      ],
      [
       -98.718182,
       26.287154
      ],
      [
       -98.718434,
       26.287486
      ],
      [
       -98.718431,
       26.287496
      ],
      [
       -98.718724,
       26.287909
      ],
      [
       -98.718978,
       26.288383
      ],
      [
       -98.719408,
       26.289436
      ],
      [
       -98.719834,
       26.290858
      ],
      [
       -98.720123,
       26.291549
      ],
      [
       -98.720385,
       26.29233
      ],
      [
       -98.720581,
       26.292907
      ],
      [
       -98.720607,
       26.292936
      ],
      [
       -98.720864,
       26.293546
      ],
      [
       -98.720868,
       26.293552
      ],
      [
       -98.721114,
       26.294057
      ],
      [
       -98.721593,
       26.294771
      ],
      [
       -98.722009,
       26.295311
      ],
      [
       -98.722629,
       26.295933
      ],
      [
       -98.722644,
       26.295949
      ],
      [
       -98.723218,
       26.296416
      ],
      [
       -98.723849,
       26.29691
      ],
      [
       -98.724705,
       26.297381
      ],
      [
       -98.725537,
       26.297798
      ],
      [
       -98.72627,
       26.298133
      ],
      [
       -98.726319,
       26.298157
      ],
      [
       -98.72633,
       26.29816
      ],
      [
       -98.726967,
       26.298401
      ],
      [
       -98.727466,
       26.298692
      ],
      [
       -98.727477,
       26.298695
      ],
      [
       -98.727664,
       26.298806
      ],
      [
       -98.727958,
       26.298892
      ],
      [
       -98.728863,
       26.299104
      ],
      [
       -98.729393,
       26.299167
      ],
      [
       -98.729436,
       26.299172
      ],
      [
       -98.730312,
       26.299169
      ],
      [
       -98.730354,
       26.299174
      ],
      [
       -98.731403,
       26.299211
      ],
      [
       -98.73143,
       26.299206
      ],
      [
       -98.732115,
       26.299118
      ],
      [
       -98.732903,
       26.299014
      ],
      [
       -98.733703,
       26.298763
      ],
      [
       -98.734554,
       26.298452
      ],
      [
       -98.735308,
       26.298147
      ],
      [
       -98.735911,
       26.297739
      ],
      [
       -98.735945,
       26.297726
      ],
      [
       -98.736366,
       26.297516
      ],
      [
       -98.736386,
       26.297511
      ],
      [
       -98.736695,
       26.297382
      ],
      [
       -98.736721,
       26.297373
      ],
      [
       -98.736735,
       26.297366
      ],
      [
       -98.737113,
       26.297164
      ],
      [
       -98.737393,
       26.29688
      ],
      [
       -98.737457,
       26.296614
      ],
      [
       -98.737514,
       26.296279
      ],
      [
       -98.737814,
       26.295948
      ],
      [
       -98.738152,
       26.295635
      ],
      [
       -98.738653,
       26.295328
      ],
      [
       -98.739247,
       26.294914
      ],
      [
       -98.739832,
       26.294487
      ],
      [
       -98.740398,
       26.294337
      ],
      [
       -98.741189,
       26.294117
      ],
      [
       -98.741917,
       26.294007
      ],
      [
       -98.742658,
       26.293957
      ],
      [
       -98.743741,
       26.293928
      ],
      [
       -98.743761,
       26.293922
      ],
      [
       -98.744463,
       26.293953
      ],
      [
       -98.744963,
       26.294026
      ],
      [
       -98.745715,
       26.294215
      ],
      [
       -98.746467,
       26.294409
      ],
      [
       -98.747265,
       26.294588
      ],
      [
       -98.748061,
       26.294746
      ],
      [
       -98.74835,
       26.294808
      ],
      [
       -98.748702,
       26.294876
      ],
      [
       -98.749776,
       26.295222
      ],
      [
       -98.750304,
       26.29548
      ],
      [
       -98.750737,
       26.295898
      ],
      [
       -98.751193,
       26.296484
      ],
      [
       -98.75161,
       26.297065
      ],
      [
       -98.751853,
       26.297507
      ],
      [
       -98.752091,
       26.29802
      ],
      [
       -98.752277,
       26.298552
      ],
      [
       -98.752507,
       26.299048
      ],
      [
       -98.752619,
       26.299386
      ],
      [
       -98.752945,
       26.299905
      ],
      [
       -98.753186,
       26.30015
      ],
      [
       -98.753703,
       26.300529
      ],
      [
       -98.754641,
       26.301161
      ],
      [
       -98.755171,
       26.301545
      ],
      [
       -98.755469,
       26.301907
      ],
      [
       -98.755936,
       26.302569
      ],
      [
       -98.756201,
       26.302959
      ],
      [
       -98.756199,
       26.302964
      ],
      [
       -98.756443,
       26.303497
      ],
      [
       -98.756468,
       26.303763
      ],
      [
       -98.756366,
       26.304506
      ],
      [
       -98.756157,
       26.305051
      ],
      [
       -98.756153,
       26.305062
      ],
      [
       -98.75595,
       26.305645
      ],
      [
       -98.755682,
       26.306496
      ],
      [
       -98.755496,
       26.307028
      ],
      [
       -98.755485,
       26.307044
      ],
      [
       -98.75509,
       26.307655
      ],
      [
       -98.754551,
       26.308161
      ],
      [
       -98.754006,
       26.308372
      ],
      [
       -98.752965,
       26.308451
      ],
      [
       -98.752174,
       26.308329
      ],
      [
       -98.751334,
       26.308099
      ],
      [
       -98.750707,
       26.307836
      ],
      [
       -98.749963,
       26.307389
      ],
      [
       -98.749393,
       26.307029
      ],
      [
       -98.748699,
       26.306549
      ],
      [
       -98.74794,
       26.306033
      ],
      [
       -98.74724,
       26.305578
      ],
      [
       -98.746562,
       26.305095
      ],
      [
       -98.745945,
       26.304423
      ],
      [
       -98.745423,
       26.303949
      ],
      [
       -98.744933,
       26.303535
      ],
      [
       -98.744397,
       26.303185
      ],
      [
       -98.743832,
       26.302964
      ],
      [
       -98.743183,
       26.302801
      ],
      [
       -98.742534,
       26.30273
      ],
      [
       -98.741978,
       26.302703
      ],
      [
       -98.741296,
       26.302659
      ],
      [
       -98.741283,
       26.302661
      ],
      [
       -98.740606,
       26.302774
      ],
      [
       -98.739559,
       26.303007
      ],
      [
       -98.739515,
       26.303024
      ],
      [
       -98.738866,
       26.30326
      ],
      [
       -98.738264,
       26.303799
      ],
      [
       -98.737535,
       26.304582
      ],
      [
       -98.737065,
       26.305419
      ],
      [
       -98.736555,
       26.306263
      ],
      [
       -98.736216,
       26.306995
      ],
      [
       -98.736034,
       26.307497
      ],
      [
       -98.736023,
       26.308022
      ],
      [
       -98.736034,
       26.308888
      ],
      [
       -98.736162,
       26.309707
      ],
      [
       -98.736423,
       26.310668
      ],
      [
       -98.736805,
       26.311522
      ],
      [
       -98.737154,
       26.312156
      ],
      [
       -98.737428,
       26.312633
      ],
      [
       -98.737996,
       26.313187
      ],
      [
       -98.738335,
       26.313545
      ],
      [
       -98.73934,
       26.31396
      ],
      [
       -98.740501,
       26.314155
      ],
      [
       -98.741153,
       26.31422
      ],
      [
       -98.741509,
       26.314247
      ],
      [
       -98.742383,
       26.314359
      ],
      [
       -98.743113,
       26.314512
      ],
      [
       -98.74368,
       26.314755
      ],
      [
       -98.744422,
       26.31516
      ],
      [
       -98.744875,
       26.315541
      ],
      [
       -98.745214,
       26.315921
      ],
      [
       -98.745812,
       26.316703
      ],
      [
       -98.74714,
       26.318668
      ],
      [
       -98.747622,
       26.319494
      ],
      [
       -98.747939,
       26.320233
      ],
      [
       -98.748364,
       26.321091
      ],
      [
       -98.748863,
       26.322294
      ],
      [
       -98.749314,
       26.323646
      ],
      [
       -98.749653,
       26.324711
      ],
      [
       -98.749701,
       26.324953
      ],
      [
       -98.749648,
       26.325371
      ],
      [
       -98.749681,
       26.32596
      ],
      [
       -98.749412,
       26.326876
      ],
      [
       -98.749196,
       26.327354
      ],
      [
       -98.749057,
       26.328202
      ],
      [
       -98.749082,
       26.328605
      ],
      [
       -98.749134,
       26.328963
      ],
      [
       -98.749297,
       26.329381
      ],
      [
       -98.749511,
       26.329866
      ],
      [
       -98.749785,
       26.330399
      ],
      [
       -98.750142,
       26.330708
      ],
      [
       -98.750508,
       26.331047
      ],
      [
       -98.750866,
       26.331296
      ],
      [
       -98.75149,
       26.331495
      ],
      [
       -98.752279,
       26.331654
      ],
      [
       -98.75303,
       26.331626
      ],
      [
       -98.753678,
       26.331643
      ],
      [
       -98.754455,
       26.331448
      ],
      [
       -98.75536,
       26.33115
      ],
      [
       -98.755997,
       26.330832
      ],
      [
       -98.756763,
       26.330466
      ],
      [
       -98.757603,
       26.329957
      ],
      [
       -98.758395,
       26.329442
      ],
      [
       -98.759204,
       26.328896
      ],
      [
       -98.75973,
       26.328503
      ],
      [
       -98.76049,
       26.328012
      ],
      [
       -98.761375,
       26.327468
      ],
      [
       -98.762301,
       26.32691
      ],
      [
       -98.763268,
       26.326406
      ],
      [
       -98.764348,
       26.325999
      ],
      [
       -98.765249,
       26.325746
      ],
      [
       -98.767344,
       26.32523
      ],
      [
       -98.768743,
       26.325019
      ],
      [
       -98.769803,
       26.324961
      ],
      [
       -98.771632,
       26.324949
      ],
      [
       -98.772716,
       26.324998
      ],
      [
       -98.773459,
       26.324947
      ],
      [
       -98.774212,
       26.324916
      ],
      [
       -98.774877,
       26.324963
      ],
      [
       -98.774886,
       26.32497
      ],
      [
       -98.775976,
       26.325238
      ],
      [
       -98.776945,
       26.32557
      ],
      [
       -98.778812,
       26.326164
      ],
      [
       -98.7804,
       26.326767
      ],
      [
       -98.782019,
       26.327425
      ],
      [
       -98.783628,
       26.328152
      ],
      [
       -98.784448,
       26.328556
      ],
      [
       -98.785458,
       26.329342
      ],
      [
       -98.786125,
       26.329695
      ],
      [
       -98.786796,
       26.329647
      ],
      [
       -98.78767,
       26.329739
      ],
      [
       -98.788535,
       26.330218
      ],
      [
       -98.788945,
       26.330581
      ],
      [
       -98.789181,
       26.330852
      ],
      [
       -98.789359,
       26.331351
      ],
      [
       -98.78943,
       26.331862
      ],
      [
       -98.789341,
       26.332252
      ],
      [
       -98.789294,
       26.332409
      ],
      [
       -98.789066,
       26.332745
      ],
      [
       -98.788578,
       26.333405
      ],
      [
       -98.788248,
       26.333952
      ],
      [
       -98.788068,
       26.334428
      ],
      [
       -98.787955,
       26.335124
      ],
      [
       -98.787895,
       26.335809
      ],
      [
       -98.787937,
       26.336562
      ],
      [
       -98.788054,
       26.337311
      ],
      [
       -98.788399,
       26.338241
      ],
      [
       -98.788811,
       26.338892
      ],
      [
       -98.789296,
       26.339519
      ],
      [
       -98.790004,
       26.340294
      ],
      [
       -98.790749,
       26.341078
      ],
      [
       -98.791527,
       26.341755
      ],
      [
       -98.792355,
       26.342649
      ],
      [
       -98.793026,
       26.343565
      ],
      [
       -98.793834,
       26.344605
      ],
      [
       -98.794369,
       26.345432
      ],
      [
       -98.795326,
       26.347032
      ],
      [
       -98.796101,
       26.348602
      ],
      [
       -98.79663,
       26.35009
      ],
      [
       -98.797257,
       26.35182
      ],
      [
       -98.797581,
       26.353937
      ],
      [
       -98.797625,
       26.355376
      ],
      [
       -98.797726,
       26.356988
      ],
      [
       -98.797874,
       26.35819
      ],
      [
       -98.798059,
       26.359336
      ],
      [
       -98.798266,
       26.36015
      ],
      [
       -98.798905,
       26.361287
      ],
      [
       -98.799666,
       26.362259
      ],
      [
       -98.800403,
       26.363243
      ],
      [
       -98.800779,
       26.363884
      ],
      [
       -98.801289,
       26.364405
      ],
      [
       -98.801588,
       26.364874
      ],
      [
       -98.802263,
       26.365583
      ],
      [
       -98.802771,
       26.36611
      ],
      [
       -98.803453,
       26.366777
      ],
      [
       -98.80401,
       26.36726
      ],
      [
       -98.80458,
       26.367609
      ],
      [
       -98.805024,
       26.36788
      ],
      [
       -98.805325,
       26.36798
      ],
      [
       -98.805587,
       26.368049
      ],
      [
       -98.805832,
       26.368087
      ],
      [
       -98.806165,
       26.368003
      ],
      [
       -98.806832,
       26.367867
      ],
      [
       -98.807279,
       26.367694
      ],
      [
       -98.808135,
       26.367336
      ],
      [
       -98.808884,
       26.367002
      ],
      [
       -98.809681,
       26.366635
      ],
      [
       -98.809689,
       26.366631
      ],
      [
       -98.810412,
       26.366329
      ],
      [
       -98.811136,
       26.366088
      ],
      [
       -98.811631,
       26.36597
      ],
      [
       -98.812129,
       26.365882
      ],
      [
       -98.812651,
       26.365782
      ],
      [
       -98.812921,
       26.365741
      ],
      [
       -98.812934,
       26.365741
      ],
      [
       -98.813347,
       26.365735
      ],
      [
       -98.81365,
       26.365736
      ],
      [
       -98.813879,
       26.365771
      ],
      [
       -98.814088,
       26.365827
      ]
     ]
    ]
   }
  },
  {
   "type": "Feature",
   "id": "868110a0-b72b-44b7-b43d-361c294abf19",
   "properties": {
    "name": "SYS-MX",
    "color": "#ff0000",
    "enabled": true,
    "created_at": "2025-04-23T15:58:36.652772",
    "updated_at": "2025-04-23T15:58:36.652775"
   },
   "geometry": {
    "type": "Polygon",
    "coordinates": [
     [
      [
       -117.036542,
       32.541875
      ],
      [
       -117.026811,
       32.542689
      ],
      [
       -117.025673,
       32.541007
      ],
      [
       -117.036402,
       32.539515
      ],
      [
       -117.036542,
       32.541875
      ]
     ]
    ]
   }
  },
  {
   "type": "Feature",
   "id": "89dc9644-0371-43c3-a52f-b8b6be8ca6c6",
   "properties": {
    "name": "RGV-MCS 009",
    "color": "#ff0000",
    "enabled": true,
    "created_at": "2024-08-06T20:37:23.517700",
    "updated_at": "2024-08-06T20:37:23.517703"
   },
   "geometry": {
    "type": "Polygon",
    "coordinates": [
     [
      [
       -98.329546,
       26.194679
      ],
      [
       -98.331162,
       26.185025
      ],
      [
       -98.33264,
       26.176033
      ],
      [
       -98.333045,
       26.1734
      ],
      [
       -98.333776,
       26.171627
      ],
      [
       -98.333914,
       26.170447
      ],
      [
       -98.333683,
       26.169726
      ],
      [
       -98.334876,
       26.165278
      ],
      [
       -98.333813,
       26.163853
      ],
      [
       -98.333531,
       26.163034
      ],
      [
       -98.333305,
       26.162167
      ],
      [
       -98.333145,
       26.160044
      ],
      [
       -98.33371,
       26.157929
      ],
      [
       -98.334286,
       26.156992
      ],
      [
       -98.335068,
       26.155735
      ],
      [
       -98.335968,
       26.154888
      ],
      [
       -98.337066,
       26.154137
      ],
      [
       -98.33799,
       26.153366
      ],
      [
       -98.338564,
       26.15244
      ],
      [
       -98.338719,
       26.15168
      ],
      [
       -98.338273,
       26.150388
      ],
      [
       -98.337846,
       26.149101
      ],
      [
       -98.337042,
       26.147723
      ],
      [
       -98.335989,
       26.146711
      ],
      [
       -98.334862,
       26.145983
      ],
      [
       -98.333613,
       26.145455
      ],
      [
       -98.331649,
       26.14521
      ],
      [
       -98.32923,
       26.144954
      ],
      [
       -98.32792,
       26.144581
      ],
      [
       -98.327257,
       26.144074
      ],
      [
       -98.326841,
       26.143452
      ],
      [
       -98.326885,
       26.142573
      ],
      [
       -98.327854,
       26.141877
      ],
      [
       -98.328932,
       26.141729
      ],
      [
       -98.330575,
       26.141686
      ],
      [
       -98.333101,
       26.141675
      ],
      [
       -98.334247,
       26.141406
      ],
      [
       -98.335204,
       26.140657
      ],
      [
       -98.335594,
       26.139823
      ],
      [
       -98.335707,
       26.138776
      ],
      [
       -98.335285,
       26.137849
      ],
      [
       -98.334743,
       26.136989
      ],
      [
       -98.333817,
       26.135942
      ],
      [
       -98.333466,
       26.135286
      ],
      [
       -98.332597,
       26.133865
      ],
      [
       -98.331801,
       26.132507
      ],
      [
       -98.330748,
       26.131142
      ],
      [
       -98.329775,
       26.129791
      ],
      [
       -98.328398,
       26.128186
      ],
      [
       -98.326946,
       26.126849
      ],
      [
       -98.325783,
       26.125014
      ],
      [
       -98.324686,
       26.122502
      ],
      [
       -98.323506,
       26.120856
      ],
      [
       -98.321558,
       26.118529
      ],
      [
       -98.319342,
       26.117014
      ],
      [
       -98.317189,
       26.116178
      ],
      [
       -98.31445,
       26.115941
      ],
      [
       -98.312191,
       26.115691
      ],
      [
       -98.310362,
       26.114631
      ],
      [
       -98.309535,
       26.113622
      ],
      [
       -98.309087,
       26.11243
      ],
      [
       -98.309062,
       26.111446
      ],
      [
       -98.308705,
       26.110307
      ],
      [
       -98.308192,
       26.109118
      ],
      [
       -98.307808,
       26.107639
      ],
      [
       -98.307637,
       26.106466
      ],
      [
       -98.307174,
       26.104897
      ],
      [
       -98.306667,
       26.104117
      ],
      [
       -98.305779,
       26.103223
      ],
      [
       -98.304833,
       26.102599
      ],
      [
       -98.303866,
       26.102118
      ],
      [
       -98.3024,
       26.10198
      ],
      [
       -98.300607,
       26.101915
      ],
      [
       -98.299215,
       26.10206
      ],
      [
       -98.298127,
       26.102636
      ],
      [
       -98.297605,
       26.103403
      ],
      [
       -98.297307,
       26.104196
      ],
      [
       -98.297416,
       26.105142
      ],
      [
       -98.297983,
       26.105611
      ],
      [
       -98.298565,
       26.105882
      ],
      [
       -98.30001,
       26.105764
      ],
      [
       -98.300001,
       26.10577
      ],
      [
       -98.301367,
       26.106208
      ],
      [
       -98.302115,
       26.106753
      ],
      [
       -98.302713,
       26.107563
      ],
      [
       -98.303337,
       26.1086
      ],
      [
       -98.303636,
       26.110033
      ],
      [
       -98.30337,
       26.111264
      ],
      [
       -98.30238,
       26.112489
      ],
      [
       -98.301229,
       26.11368
      ],
      [
       -98.300457,
       26.115008
      ],
      [
       -98.300142,
       26.116273
      ],
      [
       -98.300031,
       26.117391
      ],
      [
       -98.299372,
       26.11841
      ],
      [
       -98.298455,
       26.119209
      ],
      [
       -98.297005,
       26.120134
      ],
      [
       -98.295327,
       26.120658
      ],
      [
       -98.293191,
       26.120956
      ],
      [
       -98.290997,
       26.120777
      ],
      [
       -98.289087,
       26.120111
      ],
      [
       -98.286661,
       26.119131
      ],
      [
       -98.284306,
       26.118368
      ],
      [
       -98.280975,
       26.117337
      ],
      [
       -98.278381,
       26.116651
      ],
      [
       -98.276915,
       26.116051
      ],
      [
       -98.275711,
       26.11581
      ],
      [
       -98.274043,
       26.115841
      ],
      [
       -98.273134,
       26.116099
      ],
      [
       -98.272336,
       26.116546
      ],
      [
       -98.271064,
       26.117503
      ],
      [
       -98.270541,
       26.118331
      ],
      [
       -98.270016,
       26.119388
      ],
      [
       -98.269534,
       26.120142
      ],
      [
       -98.268345,
       26.120864
      ],
      [
       -98.26752,
       26.12098
      ],
      [
       -98.266302,
       26.120855
      ],
      [
       -98.265668,
       26.120387
      ],
      [
       -98.265434,
       26.119706
      ],
      [
       -98.265363,
       26.118813
      ],
      [
       -98.265505,
       26.117728
      ],
      [
       -98.26621,
       26.11656
      ],
      [
       -98.267127,
       26.116079
      ],
      [
       -98.269346,
       26.115754
      ],
      [
       -98.270387,
       26.115347
      ],
      [
       -98.270895,
       26.11497
      ],
      [
       -98.271421,
       26.114451
      ],
      [
       -98.271818,
       26.113733
      ],
      [
       -98.272058,
       26.112976
      ],
      [
       -98.272051,
       26.11194
      ],
      [
       -98.271758,
       26.110391
      ],
      [
       -98.271448,
       26.109573
      ],
      [
       -98.270995,
       26.108581
      ],
      [
       -98.270419,
       26.108037
      ],
      [
       -98.270112,
       26.107433
      ],
      [
       -98.270219,
       26.106788
      ],
      [
       -98.27045,
       26.106442
      ],
      [
       -98.270861,
       26.106377
      ],
      [
       -98.271663,
       26.106161
      ],
      [
       -98.27324,
       26.106178
      ],
      [
       -98.276208,
       26.106758
      ],
      [
       -98.279091,
       26.107665
      ],
      [
       -98.281317,
       26.107823
      ],
      [
       -98.283995,
       26.107448
      ],
      [
       -98.286424,
       26.106943
      ],
      [
       -98.28764,
       26.106487
      ],
      [
       -98.288624,
       26.105848
      ],
      [
       -98.28874,
       26.105232
      ],
      [
       -98.288745,
       26.105199
      ],
      [
       -98.288587,
       26.104924
      ],
      [
       -98.288316,
       26.104512
      ],
      [
       -98.287947,
       26.104116
      ],
      [
       -98.287935,
       26.104094
      ],
      [
       -98.287352,
       26.103683
      ],
      [
       -98.285819,
       26.102354
      ],
      [
       -98.284745,
       26.101269
      ],
      [
       -98.284032,
       26.100753
      ],
      [
       -98.282268,
       26.100169
      ],
      [
       -98.280409,
       26.099668
      ],
      [
       -98.278112,
       26.099176
      ],
      [
       -98.277097,
       26.098943
      ],
      [
       -98.275913,
       26.098324
      ],
      [
       -98.274379,
       26.09706
      ],
      [
       -98.272785,
       26.095794
      ],
      [
       -98.271895,
       26.095274
      ],
      [
       -98.271453,
       26.096113
      ],
      [
       -98.271437,
       26.096462
      ],
      [
       -98.271099,
       26.097243
      ],
      [
       -98.270339,
       26.098018
      ],
      [
       -98.267407,
       26.100514
      ],
      [
       -98.266155,
       26.102741
      ],
      [
       -98.26567,
       26.105789
      ],
      [
       -98.265067,
       26.108233
      ],
      [
       -98.263313,
       26.112054
      ],
      [
       -98.260606,
       26.117123
      ],
      [
       -98.25822,
       26.12053
      ],
      [
       -98.257593,
       26.122204
      ],
      [
       -98.25791,
       26.128228
      ],
      [
       -98.256653,
       26.135654
      ],
      [
       -98.254625,
       26.147916
      ],
      [
       -98.260981,
       26.149573
      ],
      [
       -98.272879,
       26.149668
      ],
      [
       -98.279569,
       26.148096
      ],
      [
       -98.286856,
       26.149664
      ],
      [
       -98.295483,
       26.149939
      ],
      [
       -98.298402,
       26.157226
      ],
      [
       -98.300984,
       26.160846
      ],
      [
       -98.30319,
       26.172787
      ],
      [
       -98.310381,
       26.184165
      ],
      [
       -98.319553,
       26.191095
      ],
      [
       -98.329546,
       26.194679
      ]
     ]
    ]
   }
  },
  {
   "type": "Feature",
   "id": "8e2e45e4-db82-4541-86af-c43b27eed020",
   "properties": {
    "name": "IMB-SUR",
    "color": "#ff0000",
    "enabled": true,
    "created_at": "2025-02-18T20:16:08.943545",
    "updated_at": "2025-02-18T20:16:08.943549"
   },
   "geometry": {
    "type": "Polygon",
    "coordinates": [
     [
      [
       -117.124096,
       32.534291
      ],
      [
       -117.123817,
       32.531125
      ],
      [
       -117.081299,
       32.535139
      ],
      [
       -117.081299,
       32.535137
      ],
      [
       -117.027558,
       32.540206
      ],
      [
       -117.029833,
       32.542449
      ],
      [
       -117.059326,
       32.539916
      ],
      [
       -117.059326,
       32.539917
      ],
      [
       -117.074271,
       32.538633
      ],
      [
       -117.081299,
       32.538022
      ],
      [
       -117.081299,
       32.538021
      ],
      [
       -117.08669,
       32.537552
      ],
      [
       -117.086675,
       32.537552
      ],
      [
       -117.103271,
       32.536106
      ],
      [
       -117.103271,
       32.536109
      ],
      [
       -117.124096,
       32.534291
      ]
     ]
    ]
   }
  },
  {
   "type": "Feature",
   "id": "8f6ed9bc-5b5c-457d-a2b4-07c886e3051c",
   "properties": {
    "name": "RGV-WSL 010",
    "color": "#ff0000",
    "enabled": true,
    "created_at": "2024-08-06T20:40:06.462975",
    "updated_at": "2024-08-06T20:40:06.462978"
   },
   "geometry": {
    "type": "Polygon",
    "coordinates": [
     [
      [
       -98.254718,
       26.147985
      ],
      [
       -98.25788,
       26.128521
      ],
      [
       -98.257637,
       26.125102
      ],
      [
       -98.257594,
       26.121712
      ],
      [
       -98.26104,
       26.116534
      ],
      [
       -98.264556,
       26.109673
      ],
      [
       -98.266077,
       26.103353
      ],
      [
       -98.267787,
       26.100229
      ],
      [
       -98.271265,
       26.09732
      ],
      [
       -98.271871,
       26.095305
      ],
      [
       -98.266966,
       26.091968
      ],
      [
       -98.265961,
       26.089895
      ],
      [
       -98.265686,
       26.088693
      ],
      [
       -98.265671,
       26.08706
      ],
      [
       -98.265018,
       26.085977
      ],
      [
       -98.264064,
       26.084787
      ],
      [
       -98.262302,
       26.083791
      ],
      [
       -98.260311,
       26.083058
      ],
      [
       -98.256532,
       26.08137
      ],
      [
       -98.253174,
       26.079887
      ],
      [
       -98.252215,
       26.079361
      ],
      [
       -98.251229,
       26.078176
      ],
      [
       -98.251409,
       26.075639
      ],
      [
       -98.251103,
       26.073801
      ],
      [
       -98.250177,
       26.072737
      ],
      [
       -98.248863,
       26.071918
      ],
      [
       -98.247414,
       26.071855
      ],
      [
       -98.245576,
       26.072303
      ],
      [
       -98.242367,
       26.074508
      ],
      [
       -98.241151,
       26.074696
      ],
      [
       -98.237487,
       26.075478
      ],
      [
       -98.234972,
       26.076034
      ],
      [
       -98.230477,
       26.077082
      ],
      [
       -98.228114,
       26.07721
      ],
      [
       -98.22374,
       26.077032
      ],
      [
       -98.220785,
       26.076452
      ],
      [
       -98.218762,
       26.075702
      ],
      [
       -98.216838,
       26.074374
      ],
      [
       -98.215778,
       26.072972
      ],
      [
       -98.214938,
       26.071469
      ],
      [
       -98.214304,
       26.070393
      ],
      [
       -98.213112,
       26.069195
      ],
      [
       -98.211052,
       26.068239
      ],
      [
       -98.207564,
       26.067896
      ],
      [
       -98.206296,
       26.067361
      ],
      [
       -98.205156,
       26.066814
      ],
      [
       -98.204385,
       26.071249
      ],
      [
       -98.201885,
       26.086436
      ],
      [
       -98.202116,
       26.087717
      ],
      [
       -98.200741,
       26.094335
      ],
      [
       -98.200271,
       26.097788
      ],
      [
       -98.200125,
       26.099314
      ],
      [
       -98.209299,
       26.103574
      ],
      [
       -98.215938,
       26.105332
      ],
      [
       -98.226154,
       26.106412
      ],
      [
       -98.236136,
       26.105699
      ],
      [
       -98.235393,
       26.10733
      ],
      [
       -98.23353,
       26.114884
      ],
      [
       -98.23322,
       26.121074
      ],
      [
       -98.234936,
       26.129272
      ],
      [
       -98.242321,
       26.14045
      ],
      [
       -98.248453,
       26.145072
      ],
      [
       -98.254718,
       26.147985
      ]
     ]
    ]
   }
  },
  {
   "type": "Feature",
   "id": "9a00f161-6b83-443b-b9ce-01d9596bd105",
   "properties": {
    "name": "RGV-WSL 012",
    "color": "#ff0000",
    "enabled": true,
    "created_at": "2024-08-06T21:11:19.817121",
    "updated_at": "2024-08-06T21:11:19.817124"
   },
   "geometry": {
    "type": "Polygon",
    "coordinates": [
     [
      [
       -98.05714,
       26.091942
      ],
      [
       -98.059814,
       26.075546
      ],
      [
       -98.06081,
       26.074097
      ],
      [
       -98.06202,
       26.073516
      ],
      [
       -98.064984,
       26.073389
      ],
      [
       -98.071921,
       26.073653
      ],
      [
       -98.072363,
       26.073446
      ],
      [
       -98.073103,
       26.070874
      ],
      [
       -98.073884,
       26.067932
      ],
      [
       -98.073717,
       26.066946
      ],
      [
       -98.073712,
       26.066463
      ],
      [
       -98.074617,
       26.06587
      ],
      [
       -98.075663,
       26.065683
      ],
      [
       -98.075523,
       26.064064
      ],
      [
       -98.075632,
       26.063014
      ],
      [
       -98.075692,
       26.062212
      ],
      [
       -98.075477,
       26.060976
      ],
      [
       -98.075174,
       26.05987
      ],
      [
       -98.074191,
       26.058061
      ],
      [
       -98.073556,
       26.05733
      ],
      [
       -98.07249,
       26.056359
      ],
      [
       -98.071936,
       26.055994
      ],
      [
       -98.071104,
       26.054568
      ],
      [
       -98.070687,
       26.053458
      ],
      [
       -98.070175,
       26.051656
      ],
      [
       -98.070114,
       26.050708
      ],
      [
       -98.070177,
       26.048354
      ],
      [
       -98.070523,
       26.046873
      ],
      [
       -98.070941,
       26.045761
      ],
      [
       -98.071411,
       26.045101
      ],
      [
       -98.071996,
       26.044364
      ],
      [
       -98.072952,
       26.043593
      ],
      [
       -98.073644,
       26.043136
      ],
      [
       -98.074488,
       26.04281
      ],
      [
       -98.075156,
       26.042537
      ],
      [
       -98.076317,
       26.042374
      ],
      [
       -98.076335,
       26.042376
      ],
      [
       -98.077447,
       26.04232
      ],
      [
       -98.078563,
       26.042344
      ],
      [
       -98.079427,
       26.042304
      ],
      [
       -98.079922,
       26.042152
      ],
      [
       -98.080177,
       26.04179
      ],
      [
       -98.080253,
       26.041429
      ],
      [
       -98.080054,
       26.040995
      ],
      [
       -98.079722,
       26.040709
      ],
      [
       -98.079555,
       26.040462
      ],
      [
       -98.07927,
       26.039908
      ],
      [
       -98.078924,
       26.03904
      ],
      [
       -98.078603,
       26.038237
      ],
      [
       -98.078254,
       26.037614
      ],
      [
       -98.07803,
       26.037275
      ],
      [
       -98.077354,
       26.036553
      ],
      [
       -98.07694,
       26.036341
      ],
      [
       -98.07642,
       26.036301
      ],
      [
       -98.07568,
       26.036408
      ],
      [
       -98.074291,
       26.036431
      ],
      [
       -98.074243,
       26.036429
      ],
      [
       -98.073432,
       26.036444
      ],
      [
       -98.072928,
       26.03649
      ],
      [
       -98.071939,
       26.036612
      ],
      [
       -98.071214,
       26.036862
      ],
      [
       -98.070438,
       26.037423
      ],
      [
       -98.070234,
       26.037715
      ],
      [
       -98.069808,
       26.038389
      ],
      [
       -98.069237,
       26.039287
      ],
      [
       -98.068533,
       26.040349
      ],
      [
       -98.067666,
       26.041706
      ],
      [
       -98.066954,
       26.042744
      ],
      [
       -98.066021,
       26.043911
      ],
      [
       -98.06526,
       26.044873
      ],
      [
       -98.064514,
       26.045354
      ],
      [
       -98.063792,
       26.045751
      ],
      [
       -98.062755,
       26.046103
      ],
      [
       -98.061611,
       26.04634
      ],
      [
       -98.060816,
       26.046377
      ],
      [
       -98.059215,
       26.046051
      ],
      [
       -98.058401,
       26.045691
      ],
      [
       -98.057464,
       26.045273
      ],
      [
       -98.056499,
       26.044939
      ],
      [
       -98.055057,
       26.044725
      ],
      [
       -98.054005,
       26.044605
      ],
      [
       -98.052981,
       26.044606
      ],
      [
       -98.05195,
       26.044608
      ],
      [
       -98.050561,
       26.044497
      ],
      [
       -98.048844,
       26.044577
      ],
      [
       -98.04741,
       26.044556
      ],
      [
       -98.045839,
       26.044286
      ],
      [
       -98.044507,
       26.043881
      ],
      [
       -98.043294,
       26.043394
      ],
      [
       -98.041976,
       26.042597
      ],
      [
       -98.040799,
       26.041842
      ],
      [
       -98.039694,
       26.041335
      ],
      [
       -98.039231,
       26.041205
      ],
      [
       -98.038974,
       26.041219
      ],
      [
       -98.038967,
       26.041221
      ],
      [
       -98.038778,
       26.041278
      ],
      [
       -98.038633,
       26.041409
      ],
      [
       -98.038506,
       26.041583
      ],
      [
       -98.038464,
       26.041758
      ],
      [
       -98.038326,
       26.042305
      ],
      [
       -98.038259,
       26.043009
      ],
      [
       -98.038191,
       26.043565
      ],
      [
       -98.038108,
       26.043933
      ],
      [
       -98.037989,
       26.044327
      ],
      [
       -98.037821,
       26.044855
      ],
      [
       -98.037574,
       26.045506
      ],
      [
       -98.037287,
       26.046069
      ],
      [
       -98.036958,
       26.046607
      ],
      [
       -98.036443,
       26.047348
      ],
      [
       -98.036029,
       26.047878
      ],
      [
       -98.035747,
       26.048156
      ],
      [
       -98.035384,
       26.048678
      ],
      [
       -98.035201,
       26.04897
      ],
      [
       -98.034897,
       26.049651
      ],
      [
       -98.034658,
       26.050293
      ],
      [
       -98.034488,
       26.051115
      ],
      [
       -98.034439,
       26.05171
      ],
      [
       -98.034442,
       26.052219
      ],
      [
       -98.03431,
       26.052445
      ],
      [
       -98.034313,
       26.05297
      ],
      [
       -98.03434,
       26.053555
      ],
      [
       -98.034406,
       26.054159
      ],
      [
       -98.034467,
       26.054997
      ],
      [
       -98.034448,
       26.05592
      ],
      [
       -98.034331,
       26.056782
      ],
      [
       -98.034208,
       26.057656
      ],
      [
       -98.033999,
       26.058897
      ],
      [
       -98.033684,
       26.060058
      ],
      [
       -98.033376,
       26.060963
      ],
      [
       -98.032919,
       26.062154
      ],
      [
       -98.032546,
       26.062839
      ],
      [
       -98.031551,
       26.064545
      ],
      [
       -98.03112,
       26.064971
      ],
      [
       -98.030319,
       26.065684
      ],
      [
       -98.029188,
       26.066482
      ],
      [
       -98.028179,
       26.066948
      ],
      [
       -98.027622,
       26.066999
      ],
      [
       -98.026924,
       26.066803
      ],
      [
       -98.026071,
       26.066496
      ],
      [
       -98.025278,
       26.065855
      ],
      [
       -98.024851,
       26.065249
      ],
      [
       -98.024435,
       26.064442
      ],
      [
       -98.023941,
       26.063586
      ],
      [
       -98.023443,
       26.062552
      ],
      [
       -98.023108,
       26.061522
      ],
      [
       -98.022865,
       26.060735
      ],
      [
       -98.022449,
       26.059945
      ],
      [
       -98.022022,
       26.059248
      ],
      [
       -98.021631,
       26.058894
      ],
      [
       -98.021205,
       26.058704
      ],
      [
       -98.020743,
       26.058646
      ],
      [
       -98.020351,
       26.058722
      ],
      [
       -98.019934,
       26.058971
      ],
      [
       -98.019462,
       26.059282
      ],
      [
       -98.019002,
       26.059608
      ],
      [
       -98.018376,
       26.059885
      ],
      [
       -98.017372,
       26.060371
      ],
      [
       -98.016586,
       26.060958
      ],
      [
       -98.016051,
       26.061535
      ],
      [
       -98.015509,
       26.062294
      ],
      [
       -98.015034,
       26.063117
      ],
      [
       -98.014676,
       26.06412
      ],
      [
       -98.014542,
       26.065153
      ],
      [
       -98.014501,
       26.065702
      ],
      [
       -98.014242,
       26.066177
      ],
      [
       -98.013881,
       26.066405
      ],
      [
       -98.013493,
       26.066465
      ],
      [
       -98.013058,
       26.066456
      ],
      [
       -98.012577,
       26.066365
      ],
      [
       -98.011945,
       26.066028
      ],
      [
       -98.011553,
       26.065614
      ],
      [
       -98.0113,
       26.065223
      ],
      [
       -98.011006,
       26.064479
      ],
      [
       -98.010879,
       26.063976
      ],
      [
       -98.010776,
       26.063105
      ],
      [
       -98.010761,
       26.062218
      ],
      [
       -98.010922,
       26.061299
      ],
      [
       -98.011227,
       26.060498
      ],
      [
       -98.011703,
       26.059705
      ],
      [
       -98.012385,
       26.058604
      ],
      [
       -98.012693,
       26.057998
      ],
      [
       -98.012815,
       26.057583
      ],
      [
       -98.012879,
       26.057197
      ],
      [
       -98.012754,
       26.056687
      ],
      [
       -98.012653,
       26.056429
      ],
      [
       -98.012527,
       26.056239
      ],
      [
       -98.01233,
       26.056132
      ],
      [
       -98.012065,
       26.056108
      ],
      [
       -98.012053,
       26.056107
      ],
      [
       -98.011753,
       26.056163
      ],
      [
       -98.011501,
       26.056264
      ],
      [
       -98.011494,
       26.056266
      ],
      [
       -98.011168,
       26.05648
      ],
      [
       -98.010623,
       26.056993
      ],
      [
       -98.009888,
       26.057883
      ],
      [
       -98.009626,
       26.058364
      ],
      [
       -98.009516,
       26.058612
      ],
      [
       -98.009374,
       26.059115
      ],
      [
       -98.009308,
       26.059364
      ],
      [
       -98.009225,
       26.059715
      ],
      [
       -98.009085,
       26.060115
      ],
      [
       -98.008963,
       26.060446
      ],
      [
       -98.008732,
       26.060895
      ],
      [
       -98.008298,
       26.061547
      ],
      [
       -98.008073,
       26.061887
      ],
      [
       -98.008074,
       26.061884
      ],
      [
       -98.007793,
       26.062188
      ],
      [
       -98.007074,
       26.062808
      ],
      [
       -98.006289,
       26.063264
      ],
      [
       -98.005695,
       26.063574
      ],
      [
       -98.005064,
       26.063891
      ],
      [
       -98.004368,
       26.064276
      ],
      [
       -98.003555,
       26.064688
      ],
      [
       -98.002273,
       26.065065
      ],
      [
       -98.001292,
       26.065223
      ],
      [
       -98.00023,
       26.065344
      ],
      [
       -97.999277,
       26.065311
      ],
      [
       -97.998173,
       26.065125
      ],
      [
       -97.997368,
       26.064813
      ],
      [
       -97.996341,
       26.06418
      ],
      [
       -97.995605,
       26.063442
      ],
      [
       -97.995131,
       26.062871
      ],
      [
       -97.994674,
       26.06213
      ],
      [
       -97.994321,
       26.061341
      ],
      [
       -97.993865,
       26.060309
      ],
      [
       -97.993414,
       26.059309
      ],
      [
       -97.993187,
       26.058954
      ],
      [
       -97.992968,
       26.058742
      ],
      [
       -97.992772,
       26.058586
      ],
      [
       -97.992516,
       26.058413
      ],
      [
       -97.992173,
       26.058304
      ],
      [
       -97.991862,
       26.05826
      ],
      [
       -97.991453,
       26.058333
      ],
      [
       -97.991165,
       26.058422
      ],
      [
       -97.990584,
       26.05883
      ],
      [
       -97.990211,
       26.059108
      ],
      [
       -97.989879,
       26.059383
      ],
      [
       -97.98947,
       26.059733
      ],
      [
       -97.98946,
       26.059744
      ],
      [
       -97.989257,
       26.060045
      ],
      [
       -97.988985,
       26.060418
      ],
      [
       -97.988819,
       26.060729
      ],
      [
       -97.988714,
       26.061125
      ],
      [
       -97.988693,
       26.061346
      ],
      [
       -97.988637,
       26.061928
      ],
      [
       -97.988751,
       26.062558
      ],
      [
       -97.988841,
       26.062778
      ],
      [
       -97.988846,
       26.063254
      ],
      [
       -97.988855,
       26.063745
      ],
      [
       -97.988806,
       26.06421
      ],
      [
       -97.988669,
       26.064745
      ],
      [
       -97.98844,
       26.065264
      ],
      [
       -97.988431,
       26.06526
      ],
      [
       -97.988181,
       26.065646
      ],
      [
       -97.98772,
       26.066035
      ],
      [
       -97.987153,
       26.066296
      ],
      [
       -97.986856,
       26.066389
      ],
      [
       -97.986431,
       26.066512
      ],
      [
       -97.985817,
       26.066614
      ],
      [
       -97.985168,
       26.066697
      ],
      [
       -97.984553,
       26.066749
      ],
      [
       -97.984149,
       26.066806
      ],
      [
       -97.983715,
       26.066914
      ],
      [
       -97.982118,
       26.067314
      ],
      [
       -97.980879,
       26.067471
      ],
      [
       -97.980291,
       26.06735
      ],
      [
       -97.979885,
       26.067171
      ],
      [
       -97.97956,
       26.06683
      ],
      [
       -97.97944,
       26.066478
      ],
      [
       -97.979441,
       26.06604
      ],
      [
       -97.979574,
       26.065262
      ],
      [
       -97.979807,
       26.064007
      ],
      [
       -97.979797,
       26.063599
      ],
      [
       -97.979774,
       26.062766
      ],
      [
       -97.979706,
       26.061917
      ],
      [
       -97.979532,
       26.060638
      ],
      [
       -97.979291,
       26.059767
      ],
      [
       -97.978665,
       26.058715
      ],
      [
       -97.978367,
       26.058515
      ],
      [
       -97.977721,
       26.058264
      ],
      [
       -97.977181,
       26.058221
      ],
      [
       -97.976465,
       26.058196
      ],
      [
       -97.97583,
       26.058153
      ],
      [
       -97.97529,
       26.058123
      ],
      [
       -97.974351,
       26.058004
      ],
      [
       -97.973715,
       26.057738
      ],
      [
       -97.973429,
       26.057501
      ],
      [
       -97.972904,
       26.056984
      ],
      [
       -97.972484,
       26.05632
      ],
      [
       -97.972078,
       26.055683
      ],
      [
       -97.971576,
       26.054954
      ],
      [
       -97.970845,
       26.054138
      ],
      [
       -97.970043,
       26.053361
      ],
      [
       -97.96918,
       26.052715
      ],
      [
       -97.968336,
       26.05224
      ],
      [
       -97.967458,
       26.051904
      ],
      [
       -97.966541,
       26.051705
      ],
      [
       -97.965815,
       26.051683
      ],
      [
       -97.964646,
       26.051789
      ],
      [
       -97.963993,
       26.052035
      ],
      [
       -97.962997,
       26.052498
      ],
      [
       -97.962329,
       26.053056
      ],
      [
       -97.961994,
       26.05349
      ],
      [
       -97.961725,
       26.054181
      ],
      [
       -97.96156,
       26.054768
      ],
      [
       -97.961303,
       26.055473
      ],
      [
       -97.961126,
       26.055875
      ],
      [
       -97.960643,
       26.056263
      ],
      [
       -97.960592,
       26.057879
      ],
      [
       -97.959124,
       26.060129
      ],
      [
       -97.959178,
       26.06241
      ],
      [
       -97.960241,
       26.064414
      ],
      [
       -97.959349,
       26.06642
      ],
      [
       -97.957895,
       26.068867
      ],
      [
       -97.958859,
       26.071856
      ],
      [
       -97.958929,
       26.075044
      ],
      [
       -97.95804,
       26.077484
      ],
      [
       -97.958441,
       26.086957
      ],
      [
       -97.958488,
       26.090607
      ],
      [
       -97.960388,
       26.090244
      ],
      [
       -97.965558,
       26.093204
      ],
      [
       -97.978548,
       26.096458
      ],
      [
       -97.992292,
       26.095108
      ],
      [
       -97.99612,
       26.094293
      ],
      [
       -98.003642,
       26.094289
      ],
      [
       -98.012945,
       26.095572
      ],
      [
       -98.019406,
       26.095088
      ],
      [
       -98.026955,
       26.096065
      ],
      [
       -98.033453,
       26.095584
      ],
      [
       -98.041704,
       26.093267
      ],
      [
       -98.048447,
       26.089703
      ],
      [
       -98.052075,
       26.087088
      ],
      [
       -98.05714,
       26.091942
      ]
     ]
    ]
   }
  },
  {
   "type": "Feature",
   "id": "9a5c9cb7-aa04-493a-b750-26dd78eaa2c8",
   "properties": {
    "name": "RGV-RGC 005",
    "color": "#ff0000",
    "enabled": true,
    "created_at": "2024-08-06T20:10:49.601547",
    "updated_at": "2024-08-06T20:10:49.601551"
   },
   "geometry": {
    "type": "Polygon",
    "coordinates": [
     [
      [
       -98.690345,
       26.313338
      ],
      [
       -98.691261,
       26.309794
      ],
      [
       -98.690349,
       26.306859
      ],
      [
       -98.690245,
       26.303763
      ],
      [
       -98.69117,
       26.300587
      ],
      [
       -98.693919,
       26.297537
      ],
      [
       -98.693052,
       26.296096
      ],
      [
       -98.693186,
       26.294297
      ],
      [
       -98.70124,
       26.289741
      ],
      [
       -98.699609,
       26.287375
      ],
      [
       -98.701731,
       26.286201
      ],
      [
       -98.700242,
       26.283238
      ],
      [
       -98.699744,
       26.280858
      ],
      [
       -98.700717,
       26.277915
      ],
      [
       -98.70329,
       26.277188
      ],
      [
       -98.707274,
       26.277934
      ],
      [
       -98.710295,
       26.278928
      ],
      [
       -98.715062,
       26.278653
      ],
      [
       -98.718836,
       26.277228
      ],
      [
       -98.719671,
       26.276393
      ],
      [
       -98.720315,
       26.274689
      ],
      [
       -98.720121,
       26.273038
      ],
      [
       -98.718777,
       26.271708
      ],
      [
       -98.717568,
       26.271066
      ],
      [
       -98.714325,
       26.269817
      ],
      [
       -98.711127,
       26.268515
      ],
      [
       -98.708368,
       26.2681
      ],
      [
       -98.705268,
       26.267361
      ],
      [
       -98.701183,
       26.265978
      ],
      [
       -98.693979,
       26.264931
      ],
      [
       -98.688561,
       26.265276
      ],
      [
       -98.685546,
       26.264912
      ],
      [
       -98.682375,
       26.263652
      ],
      [
       -98.680132,
       26.262107
      ],
      [
       -98.678308,
       26.258845
      ],
      [
       -98.677694,
       26.256526
      ],
      [
       -98.678089,
       26.253379
      ],
      [
       -98.678969,
       26.251277
      ],
      [
       -98.679544,
       26.248697
      ],
      [
       -98.679164,
       26.246274
      ],
      [
       -98.678333,
       26.243923
      ],
      [
       -98.676677,
       26.241634
      ],
      [
       -98.674333,
       26.239297
      ],
      [
       -98.670816,
       26.237127
      ],
      [
       -98.667783,
       26.235832
      ],
      [
       -98.665155,
       26.235351
      ],
      [
       -98.661557,
       26.235294
      ],
      [
       -98.65641,
       26.235688
      ],
      [
       -98.653725,
       26.236272
      ],
      [
       -98.651269,
       26.23746
      ],
      [
       -98.64796,
       26.240005
      ],
      [
       -98.64394,
       26.241464
      ],
      [
       -98.64146,
       26.242011
      ],
      [
       -98.638466,
       26.241885
      ],
      [
       -98.636384,
       26.241853
      ],
      [
       -98.634239,
       26.242503
      ],
      [
       -98.633345,
       26.243414
      ],
      [
       -98.632985,
       26.244741
      ],
      [
       -98.632974,
       26.247295
      ],
      [
       -98.632964,
       26.247293
      ],
      [
       -98.63303,
       26.249656
      ],
      [
       -98.632437,
       26.25175
      ],
      [
       -98.631167,
       26.253348
      ],
      [
       -98.628625,
       26.255045
      ],
      [
       -98.626672,
       26.256823
      ],
      [
       -98.625252,
       26.258825
      ],
      [
       -98.623766,
       26.259838
      ],
      [
       -98.622549,
       26.259836
      ],
      [
       -98.621802,
       26.259461
      ],
      [
       -98.62136,
       26.258911
      ],
      [
       -98.621317,
       26.257938
      ],
      [
       -98.620618,
       26.256594
      ],
      [
       -98.619583,
       26.254678
      ],
      [
       -98.61881,
       26.25253
      ],
      [
       -98.618484,
       26.250155
      ],
      [
       -98.618462,
       26.24837
      ],
      [
       -98.618035,
       26.247254
      ],
      [
       -98.617013,
       26.246461
      ],
      [
       -98.615752,
       26.246249
      ],
      [
       -98.615011,
       26.246363
      ],
      [
       -98.61426,
       26.246892
      ],
      [
       -98.614095,
       26.247443
      ],
      [
       -98.613945,
       26.248211
      ],
      [
       -98.613565,
       26.249498
      ],
      [
       -98.613374,
       26.250726
      ],
      [
       -98.61305,
       26.251949
      ],
      [
       -98.612454,
       26.252843
      ],
      [
       -98.611417,
       26.253476
      ],
      [
       -98.610083,
       26.253439
      ],
      [
       -98.609135,
       26.253391
      ],
      [
       -98.608053,
       26.253344
      ],
      [
       -98.606562,
       26.253709
      ],
      [
       -98.605553,
       26.254504
      ],
      [
       -98.604608,
       26.255152
      ],
      [
       -98.603313,
       26.255581
      ],
      [
       -98.601366,
       26.256608
      ],
      [
       -98.599948,
       26.257405
      ],
      [
       -98.597223,
       26.258021
      ],
      [
       -98.594579,
       26.258029
      ],
      [
       -98.590989,
       26.25768
      ],
      [
       -98.586448,
       26.257839
      ],
      [
       -98.573007,
       26.284215
      ],
      [
       -98.581452,
       26.28665
      ],
      [
       -98.590242,
       26.286643
      ],
      [
       -98.598344,
       26.287186
      ],
      [
       -98.607709,
       26.285834
      ],
      [
       -98.616115,
       26.288421
      ],
      [
       -98.627954,
       26.288742
      ],
      [
       -98.64032,
       26.28476
      ],
      [
       -98.651459,
       26.275887
      ],
      [
       -98.659091,
       26.284235
      ],
      [
       -98.668902,
       26.290219
      ],
      [
       -98.672504,
       26.298971
      ],
      [
       -98.680329,
       26.307849
      ],
      [
       -98.685462,
       26.311423
      ],
      [
       -98.690345,
       26.313338
      ]
     ]
    ]
   }
  },
  {
   "type": "Feature",
   "id": "9eadeb0a-bb8f-471f-a6b2-e09cb6afc852",
   "properties": {
    "name": "RGV-RGC 002",
    "color": "#ff0000",
    "enabled": true,
    "created_at": "2024-08-06T19:57:25.111454",
    "updated_at": "2024-08-06T19:57:25.111457"
   },
   "geometry": {
    "type": "Polygon",
    "coordinates": [
     [
      [
       -99.025777,
       26.441152
      ],
      [
       -99.02058,
       26.413483
      ],
      [
       -99.022127,
       26.412844
      ],
      [
       -99.022936,
       26.41097
      ],
      [
       -99.023956,
       26.411138
      ],
      [
       -99.026315,
       26.409843
      ],
      [
       -99.025591,
       26.408903
      ],
      [
       -99.024562,
       26.408021
      ],
      [
       -99.022996,
       26.406841
      ],
      [
       -99.020728,
       26.406326
      ],
      [
       -99.019313,
       26.403958
      ],
      [
       -99.016407,
       26.400084
      ],
      [
       -99.01552,
       26.398328
      ],
      [
       -99.014585,
       26.39578
      ],
      [
       -99.012981,
       26.393307
      ],
      [
       -99.010834,
       26.392416
      ],
      [
       -99.007727,
       26.392384
      ],
      [
       -99.004832,
       26.393314
      ],
      [
       -99.00319,
       26.39323
      ],
      [
       -99.000989,
       26.392466
      ],
      [
       -98.996817,
       26.392353
      ],
      [
       -98.992811,
       26.391528
      ],
      [
       -98.988084,
       26.391511
      ],
      [
       -98.985281,
       26.393109
      ],
      [
       -98.978336,
       26.400082
      ],
      [
       -98.976309,
       26.401154
      ],
      [
       -98.974782,
       26.401247
      ],
      [
       -98.973058,
       26.400982
      ],
      [
       -98.970876,
       26.399717
      ],
      [
       -98.968602,
       26.398761
      ],
      [
       -98.965288,
       26.398715
      ],
      [
       -98.96338,
       26.398736
      ],
      [
       -98.959744,
       26.397359
      ],
      [
       -98.95973,
       26.397359
      ],
      [
       -98.958479,
       26.404235
      ],
      [
       -98.958728,
       26.404436
      ],
      [
       -98.957845,
       26.409454
      ],
      [
       -98.957499,
       26.409761
      ],
      [
       -98.962694,
       26.410711
      ],
      [
       -98.962864,
       26.412702
      ],
      [
       -98.961972,
       26.41552
      ],
      [
       -98.9628,
       26.420502
      ],
      [
       -98.962554,
       26.422681
      ],
      [
       -98.962473,
       26.424848
      ],
      [
       -98.96183,
       26.426262
      ],
      [
       -98.962266,
       26.428321
      ],
      [
       -98.973742,
       26.430296
      ],
      [
       -98.985788,
       26.428854
      ],
      [
       -98.99575,
       26.424702
      ],
      [
       -99.006307,
       26.432512
      ],
      [
       -99.015624,
       26.438024
      ],
      [
       -99.025777,
       26.441152
      ]
     ]
    ]
   }
  },
  {
   "type": "Feature",
   "id": "adba36c4-5405-4510-8fe6-72cc021892e4",
   "properties": {
    "name": "CHU-SUR",
    "color": "#ff0000",
    "enabled": true,
    "created_at": "2025-02-18T20:17:22.052094",
    "updated_at": "2025-02-18T20:17:22.052097"
   },
   "geometry": {
    "type": "Polygon",
    "coordinates": [
     [
      [
       -117.029704,
       32.542436
      ],
      [
       -117.027494,
       32.540193
      ],
      [
       -117.004395,
       32.542168
      ],
      [
       -117.004395,
       32.542164
      ],
      [
       -116.872559,
       32.553442
      ],
      [
       -116.872559,
       32.553448
      ],
      [
       -116.865124,
       32.554084
      ],
      [
       -116.865724,
       32.556363
      ],
      [
       -116.916504,
       32.552049
      ],
      [
       -116.916504,
       32.552043
      ],
      [
       -116.960449,
       32.548311
      ],
      [
       -116.960449,
       32.548314
      ],
      [
       -117.029704,
       32.542436
      ]
     ]
    ]
   }
  },
  {
   "type": "Feature",
   "id": "b84d71da-1acd-44e0-a783-a86bb29224d4",
   "properties": {
    "name": "RGV-MX BZ 9",
    "color": "#ff0000",
    "enabled": true,
    "created_at": "2024-08-06T23:16:20.550683",
    "updated_at": "2024-08-06T23:16:20.550687"
   },
   "geometry": {
    "type": "Polygon",
    "coordinates": [
     [
      [
       -98.334891,
       26.165229
      ],
      [
       -98.33514,
       26.164508
      ],
      [
       -98.354157,
       26.110877
      ],
      [
       -98.35289,
       26.108507
      ],
      [
       -98.350086,
       26.104424
      ],
      [
       -98.345263,
       26.098885
      ],
      [
       -98.338868,
       26.093943
      ],
      [
       -98.336116,
       26.09225
      ],
      [
       -98.334034,
       26.088885
      ],
      [
       -98.33119,
       26.085257
      ],
      [
       -98.327554,
       26.081827
      ],
      [
       -98.323643,
       26.078975
      ],
      [
       -98.318805,
       26.076388
      ],
      [
       -98.313408,
       26.074381
      ],
      [
       -98.307985,
       26.073297
      ],
      [
       -98.302154,
       26.072894
      ],
      [
       -98.296858,
       26.073037
      ],
      [
       -98.294707,
       26.073329
      ],
      [
       -98.294003,
       26.073042
      ],
      [
       -98.293099,
       26.073961
      ],
      [
       -98.271899,
       26.09525
      ],
      [
       -98.272614,
       26.095649
      ],
      [
       -98.273461,
       26.096348
      ],
      [
       -98.274544,
       26.097231
      ],
      [
       -98.275316,
       26.097874
      ],
      [
       -98.27602,
       26.098417
      ],
      [
       -98.276759,
       26.0988
      ],
      [
       -98.277182,
       26.099005
      ],
      [
       -98.278145,
       26.099209
      ],
      [
       -98.278793,
       26.099347
      ],
      [
       -98.279409,
       26.099468
      ],
      [
       -98.280262,
       26.099689
      ],
      [
       -98.281468,
       26.099949
      ],
      [
       -98.282474,
       26.100226
      ],
      [
       -98.283132,
       26.100394
      ],
      [
       -98.283627,
       26.100576
      ],
      [
       -98.28407,
       26.100774
      ],
      [
       -98.284678,
       26.101203
      ],
      [
       -98.285202,
       26.101643
      ],
      [
       -98.285908,
       26.102447
      ],
      [
       -98.28625,
       26.102788
      ],
      [
       -98.286581,
       26.103093
      ],
      [
       -98.286978,
       26.10347
      ],
      [
       -98.287309,
       26.103703
      ],
      [
       -98.287766,
       26.104023
      ],
      [
       -98.288009,
       26.104222
      ],
      [
       -98.288013,
       26.104225
      ],
      [
       -98.288226,
       26.104449
      ],
      [
       -98.288437,
       26.10479
      ],
      [
       -98.288581,
       26.104985
      ],
      [
       -98.288646,
       26.105122
      ],
      [
       -98.288684,
       26.105262
      ],
      [
       -98.288687,
       26.105268
      ],
      [
       -98.288698,
       26.105417
      ],
      [
       -98.288653,
       26.105561
      ],
      [
       -98.288645,
       26.105574
      ],
      [
       -98.288568,
       26.105744
      ],
      [
       -98.28845,
       26.105909
      ],
      [
       -98.288231,
       26.106109
      ],
      [
       -98.288222,
       26.106116
      ],
      [
       -98.287982,
       26.106242
      ],
      [
       -98.287648,
       26.106453
      ],
      [
       -98.287225,
       26.106617
      ],
      [
       -98.286391,
       26.10692
      ],
      [
       -98.285956,
       26.107032
      ],
      [
       -98.285409,
       26.1071
      ],
      [
       -98.284284,
       26.107359
      ],
      [
       -98.283825,
       26.107492
      ],
      [
       -98.283093,
       26.107694
      ],
      [
       -98.282289,
       26.107798
      ],
      [
       -98.281312,
       26.107865
      ],
      [
       -98.280705,
       26.107853
      ],
      [
       -98.280201,
       26.107825
      ],
      [
       -98.279142,
       26.107682
      ],
      [
       -98.278605,
       26.107567
      ],
      [
       -98.27765,
       26.107302
      ],
      [
       -98.277158,
       26.107143
      ],
      [
       -98.276603,
       26.106909
      ],
      [
       -98.276072,
       26.106714
      ],
      [
       -98.27565,
       26.106579
      ],
      [
       -98.275249,
       26.106469
      ],
      [
       -98.27468,
       26.106363
      ],
      [
       -98.27394,
       26.106247
      ],
      [
       -98.273403,
       26.106192
      ],
      [
       -98.27286,
       26.106144
      ],
      [
       -98.272141,
       26.106123
      ],
      [
       -98.271898,
       26.106141
      ],
      [
       -98.271352,
       26.106188
      ],
      [
       -98.270924,
       26.106268
      ],
      [
       -98.270384,
       26.10656
      ],
      [
       -98.270194,
       26.106802
      ],
      [
       -98.270136,
       26.107055
      ],
      [
       -98.270135,
       26.107066
      ],
      [
       -98.270081,
       26.107317
      ],
      [
       -98.270182,
       26.107644
      ],
      [
       -98.270438,
       26.108028
      ],
      [
       -98.270774,
       26.108405
      ],
      [
       -98.271055,
       26.108808
      ],
      [
       -98.271283,
       26.109182
      ],
      [
       -98.271443,
       26.109467
      ],
      [
       -98.271584,
       26.109825
      ],
      [
       -98.271682,
       26.110108
      ],
      [
       -98.271744,
       26.110366
      ],
      [
       -98.271813,
       26.110629
      ],
      [
       -98.271888,
       26.110917
      ],
      [
       -98.271926,
       26.11119
      ],
      [
       -98.271991,
       26.111633
      ],
      [
       -98.272036,
       26.111964
      ],
      [
       -98.272108,
       26.11235
      ],
      [
       -98.27211,
       26.112721
      ],
      [
       -98.272044,
       26.113166
      ],
      [
       -98.271872,
       26.113713
      ],
      [
       -98.271871,
       26.113722
      ],
      [
       -98.271625,
       26.114167
      ],
      [
       -98.271336,
       26.114597
      ],
      [
       -98.270877,
       26.114989
      ],
      [
       -98.270876,
       26.114991
      ],
      [
       -98.270256,
       26.115399
      ],
      [
       -98.269581,
       26.115737
      ],
      [
       -98.269037,
       26.115826
      ],
      [
       -98.268492,
       26.115885
      ],
      [
       -98.267929,
       26.115924
      ],
      [
       -98.267434,
       26.116042
      ],
      [
       -98.267099,
       26.11612
      ],
      [
       -98.266795,
       26.116223
      ],
      [
       -98.266343,
       26.116449
      ],
      [
       -98.266105,
       26.116634
      ],
      [
       -98.265881,
       26.116961
      ],
      [
       -98.265699,
       26.117249
      ],
      [
       -98.265579,
       26.117502
      ],
      [
       -98.265497,
       26.117741
      ],
      [
       -98.265409,
       26.118078
      ],
      [
       -98.265358,
       26.118514
      ],
      [
       -98.265313,
       26.118962
      ],
      [
       -98.265352,
       26.119304
      ],
      [
       -98.265395,
       26.11948
      ],
      [
       -98.265397,
       26.119485
      ],
      [
       -98.265431,
       26.119706
      ],
      [
       -98.265483,
       26.11994
      ],
      [
       -98.26557,
       26.120183
      ],
      [
       -98.265637,
       26.120304
      ],
      [
       -98.265745,
       26.120455
      ],
      [
       -98.265839,
       26.120572
      ],
      [
       -98.266045,
       26.120765
      ],
      [
       -98.266358,
       26.120892
      ],
      [
       -98.266682,
       26.120954
      ],
      [
       -98.266861,
       26.120959
      ],
      [
       -98.267261,
       26.120972
      ],
      [
       -98.26792,
       26.120928
      ],
      [
       -98.268274,
       26.120838
      ],
      [
       -98.268467,
       26.120766
      ],
      [
       -98.268473,
       26.120766
      ],
      [
       -98.268625,
       26.120709
      ],
      [
       -98.268838,
       26.120607
      ],
      [
       -98.269056,
       26.120488
      ],
      [
       -98.269247,
       26.120354
      ],
      [
       -98.26942,
       26.120228
      ],
      [
       -98.269558,
       26.120111
      ],
      [
       -98.269637,
       26.119994
      ],
      [
       -98.269764,
       26.119802
      ],
      [
       -98.270013,
       26.119391
      ],
      [
       -98.270246,
       26.119013
      ],
      [
       -98.270457,
       26.11859
      ],
      [
       -98.270596,
       26.118323
      ],
      [
       -98.270853,
       26.117886
      ],
      [
       -98.271063,
       26.117586
      ],
      [
       -98.271184,
       26.117427
      ],
      [
       -98.271402,
       26.117199
      ],
      [
       -98.271645,
       26.116962
      ],
      [
       -98.271821,
       26.116842
      ],
      [
       -98.272126,
       26.116642
      ],
      [
       -98.272304,
       26.116549
      ],
      [
       -98.272615,
       26.116372
      ],
      [
       -98.272912,
       26.116218
      ],
      [
       -98.273159,
       26.116094
      ],
      [
       -98.273407,
       26.115989
      ],
      [
       -98.273696,
       26.115923
      ],
      [
       -98.273699,
       26.115922
      ],
      [
       -98.273978,
       26.115865
      ],
      [
       -98.273985,
       26.115863
      ],
      [
       -98.274301,
       26.115813
      ],
      [
       -98.274305,
       26.115814
      ],
      [
       -98.274315,
       26.115815
      ],
      [
       -98.274722,
       26.115777
      ],
      [
       -98.274731,
       26.115778
      ],
      [
       -98.274739,
       26.115777
      ],
      [
       -98.275091,
       26.11577
      ],
      [
       -98.275469,
       26.115791
      ],
      [
       -98.275954,
       26.115839
      ],
      [
       -98.276535,
       26.115956
      ],
      [
       -98.277127,
       26.116121
      ],
      [
       -98.277673,
       26.11637
      ],
      [
       -98.278596,
       26.116693
      ],
      [
       -98.278748,
       26.116733
      ],
      [
       -98.278936,
       26.116791
      ],
      [
       -98.279323,
       26.116886
      ],
      [
       -98.279734,
       26.116996
      ],
      [
       -98.280219,
       26.117141
      ],
      [
       -98.280799,
       26.117299
      ],
      [
       -98.281294,
       26.117438
      ],
      [
       -98.281678,
       26.117532
      ],
      [
       -98.281946,
       26.117624
      ],
      [
       -98.28241,
       26.117792
      ],
      [
       -98.28269,
       26.117901
      ],
      [
       -98.283494,
       26.118106
      ],
      [
       -98.284226,
       26.118324
      ],
      [
       -98.285023,
       26.118591
      ],
      [
       -98.285883,
       26.118885
      ],
      [
       -98.286704,
       26.119169
      ],
      [
       -98.287429,
       26.119445
      ],
      [
       -98.288011,
       26.119656
      ],
      [
       -98.288658,
       26.119943
      ],
      [
       -98.288995,
       26.120074
      ],
      [
       -98.289644,
       26.120387
      ],
      [
       -98.289919,
       26.120524
      ],
      [
       -98.290571,
       26.120716
      ],
      [
       -98.290887,
       26.120779
      ],
      [
       -98.291338,
       26.120855
      ],
      [
       -98.291882,
       26.120894
      ],
      [
       -98.292256,
       26.120908
      ],
      [
       -98.292551,
       26.12093
      ],
      [
       -98.292809,
       26.120961
      ],
      [
       -98.293199,
       26.120955
      ],
      [
       -98.293448,
       26.120933
      ],
      [
       -98.293948,
       26.120881
      ],
      [
       -98.294293,
       26.120836
      ],
      [
       -98.29476,
       26.120769
      ],
      [
       -98.295209,
       26.120707
      ],
      [
       -98.295681,
       26.120591
      ],
      [
       -98.296086,
       26.12046
      ],
      [
       -98.296737,
       26.12023
      ],
      [
       -98.297141,
       26.120038
      ],
      [
       -98.297773,
       26.11968
      ],
      [
       -98.298175,
       26.119364
      ],
      [
       -98.298558,
       26.119046
      ],
      [
       -98.299034,
       26.11865
      ],
      [
       -98.299444,
       26.118255
      ],
      [
       -98.299768,
       26.117844
      ],
      [
       -98.299939,
       26.117602
      ],
      [
       -98.300052,
       26.117353
      ],
      [
       -98.300117,
       26.117023
      ],
      [
       -98.300205,
       26.115973
      ],
      [
       -98.300294,
       26.115422
      ],
      [
       -98.300475,
       26.114935
      ],
      [
       -98.300677,
       26.114516
      ],
      [
       -98.300844,
       26.114225
      ],
      [
       -98.301022,
       26.113948
      ],
      [
       -98.30122,
       26.113655
      ],
      [
       -98.301514,
       26.113371
      ],
      [
       -98.302063,
       26.11284
      ],
      [
       -98.302527,
       26.112396
      ],
      [
       -98.302821,
       26.112004
      ],
      [
       -98.303161,
       26.111572
      ],
      [
       -98.303371,
       26.111182
      ],
      [
       -98.303472,
       26.110924
      ],
      [
       -98.30355,
       26.110519
      ],
      [
       -98.303603,
       26.110118
      ],
      [
       -98.303571,
       26.109669
      ],
      [
       -98.30357,
       26.109667
      ],
      [
       -98.303534,
       26.109408
      ],
      [
       -98.303468,
       26.109144
      ],
      [
       -98.303317,
       26.10869
      ],
      [
       -98.303214,
       26.108464
      ],
      [
       -98.303068,
       26.108171
      ],
      [
       -98.302887,
       26.107835
      ],
      [
       -98.302586,
       26.107303
      ],
      [
       -98.302376,
       26.107025
      ],
      [
       -98.302168,
       26.106791
      ],
      [
       -98.302036,
       26.106665
      ],
      [
       -98.301825,
       26.106498
      ],
      [
       -98.301599,
       26.106345
      ],
      [
       -98.301384,
       26.106214
      ],
      [
       -98.301079,
       26.106053
      ],
      [
       -98.30077,
       26.105947
      ],
      [
       -98.300438,
       26.105858
      ],
      [
       -98.300042,
       26.105799
      ],
      [
       -98.299754,
       26.10577
      ],
      [
       -98.299473,
       26.105785
      ],
      [
       -98.299252,
       26.105821
      ],
      [
       -98.299008,
       26.105866
      ],
      [
       -98.298808,
       26.105899
      ],
      [
       -98.2986,
       26.105869
      ],
      [
       -98.298457,
       26.105835
      ],
      [
       -98.298194,
       26.105693
      ],
      [
       -98.29792,
       26.105551
      ],
      [
       -98.297787,
       26.105489
      ],
      [
       -98.29756,
       26.105277
      ],
      [
       -98.297424,
       26.10507
      ],
      [
       -98.297349,
       26.104811
      ],
      [
       -98.297304,
       26.104559
      ],
      [
       -98.297288,
       26.104483
      ],
      [
       -98.297331,
       26.104176
      ],
      [
       -98.297409,
       26.103862
      ],
      [
       -98.297574,
       26.103529
      ],
      [
       -98.297811,
       26.103069
      ],
      [
       -98.298067,
       26.102741
      ],
      [
       -98.298268,
       26.102543
      ],
      [
       -98.298581,
       26.102297
      ],
      [
       -98.298583,
       26.102296
      ],
      [
       -98.298869,
       26.102186
      ],
      [
       -98.299275,
       26.102043
      ],
      [
       -98.299796,
       26.101955
      ],
      [
       -98.300189,
       26.101925
      ],
      [
       -98.300197,
       26.101921
      ],
      [
       -98.300576,
       26.101911
      ],
      [
       -98.301546,
       26.101932
      ],
      [
       -98.302287,
       26.10197
      ],
      [
       -98.302709,
       26.101986
      ],
      [
       -98.303084,
       26.102027
      ],
      [
       -98.303087,
       26.102028
      ],
      [
       -98.303549,
       26.10209
      ],
      [
       -98.303553,
       26.102089
      ],
      [
       -98.303855,
       26.102128
      ],
      [
       -98.304488,
       26.102358
      ],
      [
       -98.304746,
       26.102515
      ],
      [
       -98.305114,
       26.10273
      ],
      [
       -98.305434,
       26.102949
      ],
      [
       -98.305893,
       26.103333
      ],
      [
       -98.306243,
       26.103657
      ],
      [
       -98.306532,
       26.103986
      ],
      [
       -98.306533,
       26.103994
      ],
      [
       -98.30676,
       26.10421
      ],
      [
       -98.306942,
       26.104535
      ],
      [
       -98.307104,
       26.104761
      ],
      [
       -98.30733,
       26.105275
      ],
      [
       -98.307495,
       26.105786
      ],
      [
       -98.307629,
       26.106328
      ],
      [
       -98.307621,
       26.106637
      ],
      [
       -98.307662,
       26.107081
      ],
      [
       -98.307794,
       26.107521
      ],
      [
       -98.307881,
       26.107919
      ],
      [
       -98.308041,
       26.108481
      ],
      [
       -98.308226,
       26.109128
      ],
      [
       -98.308477,
       26.109777
      ],
      [
       -98.308803,
       26.11042
      ],
      [
       -98.308919,
       26.110735
      ],
      [
       -98.309027,
       26.11109
      ],
      [
       -98.309078,
       26.11135
      ],
      [
       -98.309086,
       26.11181
      ],
      [
       -98.309067,
       26.112427
      ],
      [
       -98.309119,
       26.112663
      ],
      [
       -98.309211,
       26.11297
      ],
      [
       -98.309386,
       26.113368
      ],
      [
       -98.309573,
       26.113712
      ],
      [
       -98.309746,
       26.113973
      ],
      [
       -98.310143,
       26.114412
      ],
      [
       -98.310417,
       26.114659
      ],
      [
       -98.310728,
       26.114908
      ],
      [
       -98.31114,
       26.1152
      ],
      [
       -98.311495,
       26.115376
      ],
      [
       -98.311921,
       26.115581
      ],
      [
       -98.312508,
       26.11575
      ],
      [
       -98.313052,
       26.115861
      ],
      [
       -98.313591,
       26.115912
      ],
      [
       -98.314141,
       26.115938
      ],
      [
       -98.31489,
       26.115945
      ],
      [
       -98.315531,
       26.115967
      ],
      [
       -98.315974,
       26.115997
      ],
      [
       -98.316363,
       26.116024
      ],
      [
       -98.316833,
       26.116103
      ],
      [
       -98.317267,
       26.116175
      ],
      [
       -98.317608,
       26.116246
      ],
      [
       -98.318057,
       26.1164
      ],
      [
       -98.318362,
       26.11651
      ],
      [
       -98.318778,
       26.116739
      ],
      [
       -98.319321,
       26.117016
      ],
      [
       -98.319598,
       26.117176
      ],
      [
       -98.320188,
       26.117564
      ],
      [
       -98.320748,
       26.11794
      ],
      [
       -98.321278,
       26.118312
      ],
      [
       -98.321865,
       26.118844
      ],
      [
       -98.322339,
       26.119331
      ],
      [
       -98.322714,
       26.119819
      ],
      [
       -98.323158,
       26.120367
      ],
      [
       -98.323501,
       26.120818
      ],
      [
       -98.323929,
       26.121378
      ],
      [
       -98.324281,
       26.121912
      ],
      [
       -98.324503,
       26.122226
      ],
      [
       -98.324768,
       26.12266
      ],
      [
       -98.324963,
       26.123043
      ],
      [
       -98.32519,
       26.123668
      ],
      [
       -98.325368,
       26.124073
      ],
      [
       -98.325539,
       26.124523
      ],
      [
       -98.325688,
       26.124817
      ],
      [
       -98.325916,
       26.125233
      ],
      [
       -98.326262,
       26.125734
      ],
      [
       -98.326467,
       26.126119
      ],
      [
       -98.326828,
       26.126666
      ],
      [
       -98.327542,
       26.127415
      ],
      [
       -98.328194,
       26.128013
      ],
      [
       -98.328192,
       26.128019
      ],
      [
       -98.328982,
       26.128954
      ],
      [
       -98.329558,
       26.129562
      ],
      [
       -98.330481,
       26.130769
      ],
      [
       -98.331014,
       26.131459
      ],
      [
       -98.331617,
       26.13225
      ],
      [
       -98.332402,
       26.133512
      ],
      [
       -98.333092,
       26.134597
      ],
      [
       -98.333572,
       26.135445
      ],
      [
       -98.333624,
       26.135667
      ],
      [
       -98.333847,
       26.135994
      ],
      [
       -98.334105,
       26.136254
      ],
      [
       -98.3343,
       26.13638
      ],
      [
       -98.334408,
       26.136563
      ],
      [
       -98.334685,
       26.136902
      ],
      [
       -98.335135,
       26.137651
      ],
      [
       -98.335361,
       26.138051
      ],
      [
       -98.335548,
       26.138347
      ],
      [
       -98.335652,
       26.138597
      ],
      [
       -98.335696,
       26.13886
      ],
      [
       -98.335672,
       26.139273
      ],
      [
       -98.335632,
       26.139631
      ],
      [
       -98.335529,
       26.140083
      ],
      [
       -98.33535,
       26.140463
      ],
      [
       -98.334908,
       26.141041
      ],
      [
       -98.334082,
       26.14148
      ],
      [
       -98.333625,
       26.141641
      ],
      [
       -98.333166,
       26.141674
      ],
      [
       -98.332353,
       26.141702
      ],
      [
       -98.331426,
       26.1417
      ],
      [
       -98.330474,
       26.141679
      ],
      [
       -98.329377,
       26.141709
      ],
      [
       -98.328379,
       26.141792
      ],
      [
       -98.327701,
       26.14196
      ],
      [
       -98.327354,
       26.142078
      ],
      [
       -98.32712,
       26.142256
      ],
      [
       -98.326923,
       26.14251
      ],
      [
       -98.326759,
       26.142917
      ],
      [
       -98.326782,
       26.143246
      ],
      [
       -98.326997,
       26.143789
      ],
      [
       -98.32728,
       26.144107
      ],
      [
       -98.327652,
       26.144428
      ],
      [
       -98.328238,
       26.144707
      ],
      [
       -98.32891,
       26.144911
      ],
      [
       -98.329819,
       26.145057
      ],
      [
       -98.331174,
       26.145159
      ],
      [
       -98.332708,
       26.145266
      ],
      [
       -98.333483,
       26.145423
      ],
      [
       -98.334336,
       26.145698
      ],
      [
       -98.335225,
       26.146218
      ],
      [
       -98.3359,
       26.146658
      ],
      [
       -98.336369,
       26.147079
      ],
      [
       -98.336883,
       26.147576
      ],
      [
       -98.33744,
       26.148389
      ],
      [
       -98.337864,
       26.149133
      ],
      [
       -98.338106,
       26.149745
      ],
      [
       -98.338104,
       26.149752
      ],
      [
       -98.338323,
       26.150411
      ],
      [
       -98.33868,
       26.151487
      ],
      [
       -98.338711,
       26.151928
      ],
      [
       -98.338709,
       26.151935
      ],
      [
       -98.338554,
       26.152554
      ],
      [
       -98.33822,
       26.153019
      ],
      [
       -98.33779,
       26.153521
      ],
      [
       -98.337146,
       26.154058
      ],
      [
       -98.336642,
       26.154455
      ],
      [
       -98.336152,
       26.154792
      ],
      [
       -98.335782,
       26.155067
      ],
      [
       -98.335346,
       26.155448
      ],
      [
       -98.335333,
       26.15547
      ],
      [
       -98.334544,
       26.156513
      ],
      [
       -98.334217,
       26.157054
      ],
      [
       -98.333861,
       26.157636
      ],
      [
       -98.333611,
       26.158129
      ],
      [
       -98.333403,
       26.158752
      ],
      [
       -98.333243,
       26.159375
      ],
      [
       -98.333157,
       26.160032
      ],
      [
       -98.333172,
       26.160885
      ],
      [
       -98.333252,
       26.161787
      ],
      [
       -98.33334,
       26.162341
      ],
      [
       -98.333564,
       26.163193
      ],
      [
       -98.333707,
       26.163728
      ],
      [
       -98.333888,
       26.164029
      ],
      [
       -98.334035,
       26.164277
      ],
      [
       -98.334246,
       26.164534
      ],
      [
       -98.334516,
       26.164856
      ],
      [
       -98.334891,
       26.165229
      ]
     ]
    ]
   }
  },
  {
   "type": "Feature",
   "id": "be08de48-d219-40b8-99f9-47b0b9079c33",
   "properties": {
    "name": "RCV-RGC 003",
    "color": "#ff0000",
    "enabled": true,
    "created_at": "2024-08-06T19:57:44.794569",
    "updated_at": "2024-08-06T19:57:44.794573"
   },
   "geometry": {
    "type": "Polygon",
    "coordinates": [
     [
      [
       -98.962221,
       26.428457
      ],
      [
       -98.961829,
       26.427169
      ],
      [
       -98.961986,
       26.425779
      ],
      [
       -98.962579,
       26.423774
      ],
      [
       -98.962603,
       26.421955
      ],
      [
       -98.962679,
       26.419281
      ],
      [
       -98.962121,
       26.41535
      ],
      [
       -98.963051,
       26.41258
      ],
      [
       -98.962721,
       26.410582
      ],
      [
       -98.957714,
       26.409755
      ],
      [
       -98.958826,
       26.404348
      ],
      [
       -98.958514,
       26.404174
      ],
      [
       -98.959833,
       26.397312
      ],
      [
       -98.955602,
       26.395093
      ],
      [
       -98.953914,
       26.393454
      ],
      [
       -98.952907,
       26.390784
      ],
      [
       -98.953135,
       26.387995
      ],
      [
       -98.953246,
       26.384626
      ],
      [
       -98.954188,
       26.382537
      ],
      [
       -98.955508,
       26.380839
      ],
      [
       -98.95635,
       26.3791
      ],
      [
       -98.955602,
       26.376483
      ],
      [
       -98.953779,
       26.375428
      ],
      [
       -98.951868,
       26.373699
      ],
      [
       -98.950307,
       26.372149
      ],
      [
       -98.947579,
       26.370332
      ],
      [
       -98.944587,
       26.36939
      ],
      [
       -98.940384,
       26.369682
      ],
      [
       -98.936707,
       26.370737
      ],
      [
       -98.934718,
       26.373594
      ],
      [
       -98.934623,
       26.373839
      ],
      [
       -98.934108,
       26.377686
      ],
      [
       -98.934659,
       26.379701
      ],
      [
       -98.935823,
       26.382543
      ],
      [
       -98.935137,
       26.386155
      ],
      [
       -98.93277,
       26.389569
      ],
      [
       -98.930485,
       26.391744
      ],
      [
       -98.928233,
       26.394298
      ],
      [
       -98.925754,
       26.394301
      ],
      [
       -98.923658,
       26.392266
      ],
      [
       -98.924114,
       26.388137
      ],
      [
       -98.924028,
       26.385924
      ],
      [
       -98.924034,
       26.383634
      ],
      [
       -98.923656,
       26.380884
      ],
      [
       -98.922103,
       26.378814
      ],
      [
       -98.92031,
       26.377541
      ],
      [
       -98.91747,
       26.374611
      ],
      [
       -98.913659,
       26.372323
      ],
      [
       -98.908854,
       26.371656
      ],
      [
       -98.904409,
       26.372015
      ],
      [
       -98.902029,
       26.371711
      ],
      [
       -98.901008,
       26.370675
      ],
      [
       -98.900409,
       26.368815
      ],
      [
       -98.899472,
       26.366253
      ],
      [
       -98.899517,
       26.364544
      ],
      [
       -98.900592,
       26.363063
      ],
      [
       -98.901093,
       26.361223
      ],
      [
       -98.900727,
       26.359077
      ],
      [
       -98.900087,
       26.357831
      ],
      [
       -98.899263,
       26.356448
      ],
      [
       -98.898201,
       26.354616
      ],
      [
       -98.897119,
       26.353278
      ],
      [
       -98.895792,
       26.35313
      ],
      [
       -98.893487,
       26.354555
      ],
      [
       -98.890817,
       26.355903
      ],
      [
       -98.887603,
       26.357422
      ],
      [
       -98.883722,
       26.358678
      ],
      [
       -98.879552,
       26.360347
      ],
      [
       -98.874362,
       26.361506
      ],
      [
       -98.869905,
       26.362629
      ],
      [
       -98.864747,
       26.365181
      ],
      [
       -98.860608,
       26.366206
      ],
      [
       -98.856392,
       26.365984
      ],
      [
       -98.852805,
       26.364971
      ],
      [
       -98.850844,
       26.364018
      ],
      [
       -98.849759,
       26.362482
      ],
      [
       -98.8492,
       26.360755
      ],
      [
       -98.848335,
       26.359411
      ],
      [
       -98.847277,
       26.358709
      ],
      [
       -98.844938,
       26.35824
      ],
      [
       -98.842464,
       26.358301
      ],
      [
       -98.838284,
       26.360148
      ],
      [
       -98.834524,
       26.362132
      ],
      [
       -98.831056,
       26.364666
      ],
      [
       -98.828958,
       26.366999
      ],
      [
       -98.827413,
       26.369049
      ],
      [
       -98.82571,
       26.370386
      ],
      [
       -98.823062,
       26.371161
      ],
      [
       -98.820212,
       26.371005
      ],
      [
       -98.818169,
       26.370271
      ],
      [
       -98.816512,
       26.368061
      ],
      [
       -98.81489,
       26.366009
      ],
      [
       -98.814085,
       26.365791
      ],
      [
       -98.811869,
       26.377815
      ],
      [
       -98.814561,
       26.378607
      ],
      [
       -98.808952,
       26.387791
      ],
      [
       -98.817586,
       26.391476
      ],
      [
       -98.829511,
       26.394506
      ],
      [
       -98.83299,
       26.398861
      ],
      [
       -98.845356,
       26.393406
      ],
      [
       -98.853898,
       26.394978
      ],
      [
       -98.868294,
       26.394519
      ],
      [
       -98.878492,
       26.391524
      ],
      [
       -98.885522,
       26.396452
      ],
      [
       -98.892346,
       26.399307
      ],
      [
       -98.895453,
       26.406437
      ],
      [
       -98.902335,
       26.414203
      ],
      [
       -98.911425,
       26.420149
      ],
      [
       -98.922715,
       26.423312
      ],
      [
       -98.935546,
       26.422519
      ],
      [
       -98.940647,
       26.420971
      ],
      [
       -98.949847,
       26.425296
      ],
      [
       -98.962221,
       26.428457
      ]
     ]
    ]
   }
  },
  {
   "type": "Feature",
   "id": "c783ea2d-97e6-41f8-bf83-d2a7a654f7e1",
   "properties": {
    "name": "RGC-MCS 006",
    "color": "#ff0000",
    "enabled": true,
    "created_at": "2024-08-06T20:16:47.269216",
    "updated_at": "2024-08-06T20:16:47.269220"
   },
   "geometry": {
    "type": "Polygon",
    "coordinates": [
     [
      [
       -98.5727,
       26.284565
      ],
      [
       -98.586451,
       26.257792
      ],
      [
       -98.583108,
       26.256667
      ],
      [
       -98.581901,
       26.255804
      ],
      [
       -98.580238,
       26.254292
      ],
      [
       -98.579569,
       26.253215
      ],
      [
       -98.579187,
       26.251362
      ],
      [
       -98.57995,
       26.249612
      ],
      [
       -98.581199,
       26.248366
      ],
      [
       -98.582774,
       26.247303
      ],
      [
       -98.584116,
       26.246685
      ],
      [
       -98.58499,
       26.245602
      ],
      [
       -98.585067,
       26.244419
      ],
      [
       -98.584537,
       26.243156
      ],
      [
       -98.582731,
       26.241168
      ],
      [
       -98.581639,
       26.239196
      ],
      [
       -98.580394,
       26.235931
      ],
      [
       -98.579583,
       26.234655
      ],
      [
       -98.578806,
       26.233942
      ],
      [
       -98.577937,
       26.23362
      ],
      [
       -98.576575,
       26.233743
      ],
      [
       -98.575637,
       26.23512
      ],
      [
       -98.574896,
       26.236678
      ],
      [
       -98.574889,
       26.236723
      ],
      [
       -98.574106,
       26.238624
      ],
      [
       -98.572581,
       26.239973
      ],
      [
       -98.570207,
       26.241191
      ],
      [
       -98.568626,
       26.241895
      ],
      [
       -98.567019,
       26.241896
      ],
      [
       -98.56572,
       26.241391
      ],
      [
       -98.565196,
       26.240405
      ],
      [
       -98.565053,
       26.239189
      ],
      [
       -98.564824,
       26.238136
      ],
      [
       -98.564415,
       26.237172
      ],
      [
       -98.564015,
       26.235966
      ],
      [
       -98.564197,
       26.233379
      ],
      [
       -98.56465,
       26.230399
      ],
      [
       -98.564755,
       26.227965
      ],
      [
       -98.564459,
       26.226458
      ],
      [
       -98.563405,
       26.225042
      ],
      [
       -98.562384,
       26.224283
      ],
      [
       -98.561249,
       26.224086
      ],
      [
       -98.56008,
       26.224438
      ],
      [
       -98.559061,
       26.225538
      ],
      [
       -98.558414,
       26.227153
      ],
      [
       -98.557774,
       26.229557
      ],
      [
       -98.55685,
       26.231058
      ],
      [
       -98.555395,
       26.232182
      ],
      [
       -98.552785,
       26.233161
      ],
      [
       -98.549991,
       26.233541
      ],
      [
       -98.548149,
       26.234118
      ],
      [
       -98.546757,
       26.234969
      ],
      [
       -98.546345,
       26.235668
      ],
      [
       -98.545786,
       26.237093
      ],
      [
       -98.545607,
       26.238173
      ],
      [
       -98.545596,
       26.239691
      ],
      [
       -98.546302,
       26.24111
      ],
      [
       -98.547303,
       26.242006
      ],
      [
       -98.548161,
       26.242352
      ],
      [
       -98.549005,
       26.242403
      ],
      [
       -98.550471,
       26.242176
      ],
      [
       -98.55154,
       26.241892
      ],
      [
       -98.552574,
       26.241633
      ],
      [
       -98.55384,
       26.241906
      ],
      [
       -98.554721,
       26.242358
      ],
      [
       -98.555593,
       26.242777
      ],
      [
       -98.556349,
       26.243137
      ],
      [
       -98.557219,
       26.24361
      ],
      [
       -98.558285,
       26.244461
      ],
      [
       -98.55887,
       26.245733
      ],
      [
       -98.558579,
       26.246617
      ],
      [
       -98.557461,
       26.247592
      ],
      [
       -98.556199,
       26.248013
      ],
      [
       -98.555482,
       26.24812
      ],
      [
       -98.554253,
       26.2477
      ],
      [
       -98.55364,
       26.24759
      ],
      [
       -98.552819,
       26.247033
      ],
      [
       -98.551611,
       26.246475
      ],
      [
       -98.550517,
       26.246089
      ],
      [
       -98.548247,
       26.245468
      ],
      [
       -98.545898,
       26.245024
      ],
      [
       -98.544007,
       26.244036
      ],
      [
       -98.543022,
       26.242508
      ],
      [
       -98.5426,
       26.240411
      ],
      [
       -98.54139,
       26.238638
      ],
      [
       -98.539321,
       26.234186
      ],
      [
       -98.537438,
       26.229025
      ],
      [
       -98.536434,
       26.22671
      ],
      [
       -98.535548,
       26.225731
      ],
      [
       -98.534792,
       26.225266
      ],
      [
       -98.534792,
       26.225257
      ],
      [
       -98.533781,
       26.22529
      ],
      [
       -98.533772,
       26.22529
      ],
      [
       -98.531842,
       26.226212
      ],
      [
       -98.529882,
       26.227264
      ],
      [
       -98.528153,
       26.229061
      ],
      [
       -98.526729,
       26.232476
      ],
      [
       -98.525407,
       26.234323
      ],
      [
       -98.523347,
       26.235711
      ],
      [
       -98.522004,
       26.235522
      ],
      [
       -98.521405,
       26.234299
      ],
      [
       -98.521484,
       26.232891
      ],
      [
       -98.52191,
       26.231729
      ],
      [
       -98.52279,
       26.230863
      ],
      [
       -98.523858,
       26.229996
      ],
      [
       -98.525153,
       26.229407
      ],
      [
       -98.525171,
       26.229407
      ],
      [
       -98.526634,
       26.227909
      ],
      [
       -98.527086,
       26.226799
      ],
      [
       -98.527048,
       26.225411
      ],
      [
       -98.526551,
       26.22382
      ],
      [
       -98.524614,
       26.221273
      ],
      [
       -98.523554,
       26.220564
      ],
      [
       -98.521717,
       26.220375
      ],
      [
       -98.521159,
       26.221016
      ],
      [
       -98.520805,
       26.222187
      ],
      [
       -98.520429,
       26.223323
      ],
      [
       -98.520425,
       26.223344
      ],
      [
       -98.519397,
       26.224467
      ],
      [
       -98.517822,
       26.225412
      ],
      [
       -98.515403,
       26.226916
      ],
      [
       -98.512647,
       26.227277
      ],
      [
       -98.511148,
       26.22693
      ],
      [
       -98.509595,
       26.226313
      ],
      [
       -98.508344,
       26.225278
      ],
      [
       -98.507064,
       26.224285
      ],
      [
       -98.505398,
       26.223264
      ],
      [
       -98.503795,
       26.222976
      ],
      [
       -98.502062,
       26.222778
      ],
      [
       -98.501061,
       26.222527
      ],
      [
       -98.500632,
       26.222154
      ],
      [
       -98.500688,
       26.221499
      ],
      [
       -98.501416,
       26.220745
      ],
      [
       -98.50274,
       26.219345
      ],
      [
       -98.502763,
       26.219325
      ],
      [
       -98.503653,
       26.218127
      ],
      [
       -98.504495,
       26.216602
      ],
      [
       -98.5056,
       26.21496
      ],
      [
       -98.506517,
       26.213491
      ],
      [
       -98.507217,
       26.212065
      ],
      [
       -98.507478,
       26.210606
      ],
      [
       -98.507262,
       26.209632
      ],
      [
       -98.506682,
       26.208977
      ],
      [
       -98.505721,
       26.208689
      ],
      [
       -98.504362,
       26.208508
      ],
      [
       -98.502311,
       26.208836
      ],
      [
       -98.500294,
       26.209554
      ],
      [
       -98.497034,
       26.210936
      ],
      [
       -98.492552,
       26.212719
      ],
      [
       -98.489588,
       26.21327
      ],
      [
       -98.487188,
       26.213076
      ],
      [
       -98.485424,
       26.212728
      ],
      [
       -98.484493,
       26.220298
      ],
      [
       -98.482987,
       26.229627
      ],
      [
       -98.482458,
       26.232889
      ],
      [
       -98.4823,
       26.232941
      ],
      [
       -98.481624,
       26.237132
      ],
      [
       -98.481322,
       26.238021
      ],
      [
       -98.480567,
       26.241911
      ],
      [
       -98.479391,
       26.248117
      ],
      [
       -98.484528,
       26.248796
      ],
      [
       -98.486794,
       26.248588
      ],
      [
       -98.491316,
       26.250236
      ],
      [
       -98.495946,
       26.252765
      ],
      [
       -98.501733,
       26.258089
      ],
      [
       -98.508374,
       26.261842
      ],
      [
       -98.516969,
       26.264373
      ],
      [
       -98.521436,
       26.264821
      ],
      [
       -98.52656,
       26.268498
      ],
      [
       -98.53229,
       26.271341
      ],
      [
       -98.548821,
       26.276582
      ],
      [
       -98.554147,
       26.277215
      ],
      [
       -98.559766,
       26.276945
      ],
      [
       -98.563899,
       26.280116
      ],
      [
       -98.5727,
       26.284565
      ]
     ]
    ]
   }
  },
  {
   "type": "Feature",
   "id": "cd27bfb6-b583-4a44-bf70-03f84611dec6",
   "properties": {
    "name": "RGV-MX BZ 3",
    "color": "#ff0000",
    "enabled": true,
    "created_at": "2024-08-06T21:54:49.755780",
    "updated_at": "2024-08-06T21:54:49.755783"
   },
   "geometry": {
    "type": "Polygon",
    "coordinates": [
     [
      [
       -98.959821,
       26.397344
      ],
      [
       -98.960052,
       26.395703
      ],
      [
       -98.960508,
       26.392469
      ],
      [
       -98.966764,
       26.347039
      ],
      [
       -98.961329,
       26.344114
      ],
      [
       -98.954122,
       26.341599
      ],
      [
       -98.945897,
       26.340408
      ],
      [
       -98.936413,
       26.34085
      ],
      [
       -98.92766,
       26.342677
      ],
      [
       -98.923156,
       26.33608
      ],
      [
       -98.917109,
       26.330566
      ],
      [
       -98.909503,
       26.326526
      ],
      [
       -98.90104,
       26.324376
      ],
      [
       -98.892162,
       26.324261
      ],
      [
       -98.883342,
       26.326401
      ],
      [
       -98.875204,
       26.330615
      ],
      [
       -98.868771,
       26.332829
      ],
      [
       -98.863732,
       26.333776
      ],
      [
       -98.857904,
       26.331355
      ],
      [
       -98.847593,
       26.329454
      ],
      [
       -98.835148,
       26.33024
      ],
      [
       -98.827395,
       26.332626
      ],
      [
       -98.824196,
       26.334113
      ],
      [
       -98.814079,
       26.365811
      ],
      [
       -98.814925,
       26.366122
      ],
      [
       -98.815262,
       26.366336
      ],
      [
       -98.815601,
       26.366655
      ],
      [
       -98.815979,
       26.367221
      ],
      [
       -98.816301,
       26.367746
      ],
      [
       -98.816855,
       26.368562
      ],
      [
       -98.817666,
       26.369593
      ],
      [
       -98.817971,
       26.369948
      ],
      [
       -98.818453,
       26.370306
      ],
      [
       -98.819043,
       26.370663
      ],
      [
       -98.819635,
       26.370886
      ],
      [
       -98.82017,
       26.371051
      ],
      [
       -98.821296,
       26.371155
      ],
      [
       -98.822262,
       26.371165
      ],
      [
       -98.823511,
       26.371047
      ],
      [
       -98.824276,
       26.370911
      ],
      [
       -98.824641,
       26.370816
      ],
      [
       -98.824977,
       26.37069
      ],
      [
       -98.825801,
       26.370288
      ],
      [
       -98.826343,
       26.369934
      ],
      [
       -98.826744,
       26.369617
      ],
      [
       -98.827163,
       26.369193
      ],
      [
       -98.827668,
       26.368635
      ],
      [
       -98.828025,
       26.368182
      ],
      [
       -98.828748,
       26.367242
      ],
      [
       -98.82949,
       26.366296
      ],
      [
       -98.83017,
       26.365545
      ],
      [
       -98.830807,
       26.36486
      ],
      [
       -98.831472,
       26.364295
      ],
      [
       -98.832014,
       26.363815
      ],
      [
       -98.833088,
       26.363087
      ],
      [
       -98.834063,
       26.36256
      ],
      [
       -98.835348,
       26.361841
      ],
      [
       -98.836167,
       26.361395
      ],
      [
       -98.836618,
       26.361174
      ],
      [
       -98.838133,
       26.360331
      ],
      [
       -98.839358,
       26.359747
      ],
      [
       -98.84095,
       26.358989
      ],
      [
       -98.842025,
       26.358608
      ],
      [
       -98.842686,
       26.358464
      ],
      [
       -98.843276,
       26.358366
      ],
      [
       -98.844087,
       26.358362
      ],
      [
       -98.845304,
       26.358446
      ],
      [
       -98.846259,
       26.358551
      ],
      [
       -98.846802,
       26.358647
      ],
      [
       -98.847335,
       26.358833
      ],
      [
       -98.847837,
       26.359097
      ],
      [
       -98.848222,
       26.359398
      ],
      [
       -98.848586,
       26.35982
      ],
      [
       -98.848998,
       26.360611
      ],
      [
       -98.849271,
       26.361392
      ],
      [
       -98.849664,
       26.362233
      ],
      [
       -98.850172,
       26.363187
      ],
      [
       -98.850732,
       26.363943
      ],
      [
       -98.851341,
       26.364357
      ],
      [
       -98.851984,
       26.364646
      ],
      [
       -98.853632,
       26.365229
      ],
      [
       -98.854488,
       26.365529
      ],
      [
       -98.85542,
       26.36572
      ],
      [
       -98.856845,
       26.366025
      ],
      [
       -98.857813,
       26.366067
      ],
      [
       -98.858321,
       26.366088
      ],
      [
       -98.859318,
       26.366183
      ],
      [
       -98.860513,
       26.366236
      ],
      [
       -98.861302,
       26.366151
      ],
      [
       -98.862239,
       26.365945
      ],
      [
       -98.863153,
       26.365657
      ],
      [
       -98.863746,
       26.365505
      ],
      [
       -98.864241,
       26.365366
      ],
      [
       -98.864708,
       26.365222
      ],
      [
       -98.865108,
       26.365084
      ],
      [
       -98.865495,
       26.364944
      ],
      [
       -98.866337,
       26.364521
      ],
      [
       -98.867175,
       26.364037
      ],
      [
       -98.868366,
       26.363382
      ],
      [
       -98.869579,
       26.36275
      ],
      [
       -98.870479,
       26.362324
      ],
      [
       -98.871276,
       26.362014
      ],
      [
       -98.871838,
       26.361891
      ],
      [
       -98.872988,
       26.361675
      ],
      [
       -98.874497,
       26.361475
      ],
      [
       -98.875274,
       26.361332
      ],
      [
       -98.876494,
       26.361115
      ],
      [
       -98.877791,
       26.36082
      ],
      [
       -98.87883,
       26.360542
      ],
      [
       -98.880033,
       26.360112
      ],
      [
       -98.881152,
       26.359686
      ],
      [
       -98.882039,
       26.359364
      ],
      [
       -98.883426,
       26.358815
      ],
      [
       -98.885054,
       26.358289
      ],
      [
       -98.886121,
       26.357994
      ],
      [
       -98.887152,
       26.357619
      ],
      [
       -98.888111,
       26.357369
      ],
      [
       -98.888487,
       26.357238
      ],
      [
       -98.889055,
       26.357007
      ],
      [
       -98.889361,
       26.35685
      ],
      [
       -98.890427,
       26.356266
      ],
      [
       -98.89116,
       26.355841
      ],
      [
       -98.891964,
       26.355456
      ],
      [
       -98.89287,
       26.355036
      ],
      [
       -98.893816,
       26.354486
      ],
      [
       -98.894688,
       26.35395
      ],
      [
       -98.895236,
       26.353572
      ],
      [
       -98.895532,
       26.353352
      ],
      [
       -98.895753,
       26.353207
      ],
      [
       -98.895915,
       26.353152
      ],
      [
       -98.896123,
       26.353108
      ],
      [
       -98.896319,
       26.353097
      ],
      [
       -98.89654,
       26.353138
      ],
      [
       -98.896746,
       26.353195
      ],
      [
       -98.897062,
       26.35335
      ],
      [
       -98.897293,
       26.35353
      ],
      [
       -98.897501,
       26.353704
      ],
      [
       -98.897641,
       26.35384
      ],
      [
       -98.897833,
       26.354055
      ],
      [
       -98.897982,
       26.354248
      ],
      [
       -98.898183,
       26.354575
      ],
      [
       -98.898499,
       26.355077
      ],
      [
       -98.898925,
       26.355983
      ],
      [
       -98.899321,
       26.356683
      ],
      [
       -98.899779,
       26.35739
      ],
      [
       -98.900063,
       26.357915
      ],
      [
       -98.900451,
       26.35855
      ],
      [
       -98.900714,
       26.359136
      ],
      [
       -98.900877,
       26.35962
      ],
      [
       -98.900981,
       26.360135
      ],
      [
       -98.901043,
       26.360534
      ],
      [
       -98.901086,
       26.361048
      ],
      [
       -98.901045,
       26.361677
      ],
      [
       -98.900932,
       26.362393
      ],
      [
       -98.900835,
       26.362806
      ],
      [
       -98.900704,
       26.363008
      ],
      [
       -98.900473,
       26.363307
      ],
      [
       -98.90011,
       26.363733
      ],
      [
       -98.899909,
       26.363969
      ],
      [
       -98.899612,
       26.364299
      ],
      [
       -98.899487,
       26.364546
      ],
      [
       -98.899305,
       26.364937
      ],
      [
       -98.899275,
       26.365091
      ],
      [
       -98.89924,
       26.365333
      ],
      [
       -98.899283,
       26.365546
      ],
      [
       -98.899323,
       26.365976
      ],
      [
       -98.899496,
       26.366392
      ],
      [
       -98.89971,
       26.366911
      ],
      [
       -98.899917,
       26.367419
      ],
      [
       -98.900078,
       26.367749
      ],
      [
       -98.900282,
       26.36824
      ],
      [
       -98.900442,
       26.368673
      ],
      [
       -98.900607,
       26.369245
      ],
      [
       -98.900685,
       26.369596
      ],
      [
       -98.900761,
       26.369968
      ],
      [
       -98.900956,
       26.370463
      ],
      [
       -98.901307,
       26.370943
      ],
      [
       -98.901632,
       26.371218
      ],
      [
       -98.902035,
       26.371522
      ],
      [
       -98.902413,
       26.371707
      ],
      [
       -98.902789,
       26.371853
      ],
      [
       -98.903096,
       26.371959
      ],
      [
       -98.903541,
       26.37206
      ],
      [
       -98.903883,
       26.372071
      ],
      [
       -98.90439,
       26.372025
      ],
      [
       -98.904937,
       26.371957
      ],
      [
       -98.905376,
       26.371953
      ],
      [
       -98.90572,
       26.371932
      ],
      [
       -98.906615,
       26.371844
      ],
      [
       -98.907395,
       26.371724
      ],
      [
       -98.908732,
       26.371634
      ],
      [
       -98.909494,
       26.371616
      ],
      [
       -98.910338,
       26.371644
      ],
      [
       -98.91131,
       26.371775
      ],
      [
       -98.912128,
       26.371904
      ],
      [
       -98.913017,
       26.372102
      ],
      [
       -98.913835,
       26.372343
      ],
      [
       -98.914565,
       26.37264
      ],
      [
       -98.915374,
       26.373086
      ],
      [
       -98.916123,
       26.373586
      ],
      [
       -98.916998,
       26.3742
      ],
      [
       -98.917956,
       26.374928
      ],
      [
       -98.919038,
       26.376159
      ],
      [
       -98.919995,
       26.377283
      ],
      [
       -98.920915,
       26.378152
      ],
      [
       -98.921999,
       26.378698
      ],
      [
       -98.922609,
       26.379176
      ],
      [
       -98.923293,
       26.380044
      ],
      [
       -98.923609,
       26.380825
      ],
      [
       -98.9239,
       26.381632
      ],
      [
       -98.924025,
       26.38212
      ],
      [
       -98.923977,
       26.382557
      ],
      [
       -98.923934,
       26.382705
      ],
      [
       -98.923934,
       26.3829
      ],
      [
       -98.924025,
       26.383385
      ],
      [
       -98.924088,
       26.383701
      ],
      [
       -98.924102,
       26.384208
      ],
      [
       -98.924048,
       26.384542
      ],
      [
       -98.923938,
       26.385373
      ],
      [
       -98.923909,
       26.385784
      ],
      [
       -98.923939,
       26.386234
      ],
      [
       -98.924026,
       26.386583
      ],
      [
       -98.924224,
       26.386857
      ],
      [
       -98.924275,
       26.387274
      ],
      [
       -98.92429,
       26.387614
      ],
      [
       -98.924225,
       26.387849
      ],
      [
       -98.924155,
       26.388244
      ],
      [
       -98.924119,
       26.388618
      ],
      [
       -98.924024,
       26.389052
      ],
      [
       -98.923955,
       26.389293
      ],
      [
       -98.923835,
       26.389644
      ],
      [
       -98.923807,
       26.389921
      ],
      [
       -98.923761,
       26.390304
      ],
      [
       -98.923683,
       26.390558
      ],
      [
       -98.923612,
       26.391003
      ],
      [
       -98.923595,
       26.391299
      ],
      [
       -98.923562,
       26.391657
      ],
      [
       -98.923542,
       26.391932
      ],
      [
       -98.923577,
       26.392112
      ],
      [
       -98.92358,
       26.392116
      ],
      [
       -98.923657,
       26.392302
      ],
      [
       -98.923772,
       26.392479
      ],
      [
       -98.923915,
       26.392613
      ],
      [
       -98.924348,
       26.392933
      ],
      [
       -98.924565,
       26.393137
      ],
      [
       -98.924966,
       26.393523
      ],
      [
       -98.92539,
       26.393873
      ],
      [
       -98.925777,
       26.394123
      ],
      [
       -98.926227,
       26.394365
      ],
      [
       -98.926623,
       26.394451
      ],
      [
       -98.927254,
       26.394447
      ],
      [
       -98.927691,
       26.394342
      ],
      [
       -98.92806,
       26.394187
      ],
      [
       -98.928506,
       26.393909
      ],
      [
       -98.928888,
       26.393645
      ],
      [
       -98.929239,
       26.393387
      ],
      [
       -98.929523,
       26.393103
      ],
      [
       -98.929804,
       26.392731
      ],
      [
       -98.929938,
       26.392506
      ],
      [
       -98.930028,
       26.392336
      ],
      [
       -98.930209,
       26.392095
      ],
      [
       -98.930451,
       26.391772
      ],
      [
       -98.930595,
       26.391573
      ],
      [
       -98.931112,
       26.39113
      ],
      [
       -98.9316,
       26.390663
      ],
      [
       -98.931856,
       26.390437
      ],
      [
       -98.932179,
       26.390103
      ],
      [
       -98.93256,
       26.389708
      ],
      [
       -98.932719,
       26.389585
      ],
      [
       -98.932723,
       26.38958
      ],
      [
       -98.933045,
       26.389376
      ],
      [
       -98.933248,
       26.389113
      ],
      [
       -98.933471,
       26.388877
      ],
      [
       -98.933993,
       26.388121
      ],
      [
       -98.934218,
       26.387716
      ],
      [
       -98.93438,
       26.387416
      ],
      [
       -98.934536,
       26.387143
      ],
      [
       -98.93487,
       26.386585
      ],
      [
       -98.935186,
       26.385975
      ],
      [
       -98.935371,
       26.385595
      ],
      [
       -98.93573,
       26.384608
      ],
      [
       -98.935842,
       26.384041
      ],
      [
       -98.935862,
       26.383715
      ],
      [
       -98.935632,
       26.382545
      ],
      [
       -98.935404,
       26.382017
      ],
      [
       -98.935193,
       26.381382
      ],
      [
       -98.934878,
       26.380437
      ],
      [
       -98.934871,
       26.380432
      ],
      [
       -98.934734,
       26.379867
      ],
      [
       -98.934415,
       26.378445
      ],
      [
       -98.934232,
       26.377221
      ],
      [
       -98.934162,
       26.376351
      ],
      [
       -98.934226,
       26.375607
      ],
      [
       -98.934336,
       26.374931
      ],
      [
       -98.934461,
       26.374547
      ],
      [
       -98.934734,
       26.373762
      ],
      [
       -98.934885,
       26.373434
      ],
      [
       -98.935062,
       26.37304
      ],
      [
       -98.935278,
       26.372557
      ],
      [
       -98.935584,
       26.372056
      ],
      [
       -98.935931,
       26.371632
      ],
      [
       -98.936441,
       26.37109
      ],
      [
       -98.936969,
       26.370709
      ],
      [
       -98.937552,
       26.370371
      ],
      [
       -98.938222,
       26.370114
      ],
      [
       -98.938812,
       26.369951
      ],
      [
       -98.939531,
       26.369814
      ],
      [
       -98.941329,
       26.369546
      ],
      [
       -98.941972,
       26.369472
      ],
      [
       -98.94275,
       26.369403
      ],
      [
       -98.943538,
       26.36939
      ],
      [
       -98.944267,
       26.369438
      ],
      [
       -98.94486,
       26.369505
      ],
      [
       -98.945637,
       26.369628
      ],
      [
       -98.946154,
       26.369811
      ],
      [
       -98.946613,
       26.369997
      ],
      [
       -98.947203,
       26.370249
      ],
      [
       -98.948233,
       26.370801
      ],
      [
       -98.949,
       26.371271
      ],
      [
       -98.950059,
       26.372015
      ],
      [
       -98.950778,
       26.372676
      ],
      [
       -98.951498,
       26.373309
      ],
      [
       -98.952282,
       26.374107
      ],
      [
       -98.953092,
       26.375016
      ],
      [
       -98.953517,
       26.375362
      ],
      [
       -98.954132,
       26.375817
      ],
      [
       -98.954701,
       26.376182
      ],
      [
       -98.955022,
       26.376353
      ],
      [
       -98.955386,
       26.37654
      ],
      [
       -98.955392,
       26.376543
      ],
      [
       -98.955652,
       26.376692
      ],
      [
       -98.955943,
       26.376884
      ],
      [
       -98.956122,
       26.377104
      ],
      [
       -98.956229,
       26.377405
      ],
      [
       -98.95632,
       26.378099
      ],
      [
       -98.956286,
       26.378694
      ],
      [
       -98.956228,
       26.379211
      ],
      [
       -98.956103,
       26.379631
      ],
      [
       -98.955916,
       26.380039
      ],
      [
       -98.955617,
       26.380488
      ],
      [
       -98.955204,
       26.380968
      ],
      [
       -98.954825,
       26.381464
      ],
      [
       -98.954449,
       26.382064
      ],
      [
       -98.954094,
       26.3826
      ],
      [
       -98.953834,
       26.383178
      ],
      [
       -98.953584,
       26.383996
      ],
      [
       -98.953464,
       26.384414
      ],
      [
       -98.953344,
       26.38491
      ],
      [
       -98.953233,
       26.385692
      ],
      [
       -98.953196,
       26.386728
      ],
      [
       -98.953235,
       26.387292
      ],
      [
       -98.953218,
       26.387956
      ],
      [
       -98.953175,
       26.388621
      ],
      [
       -98.953087,
       26.389373
      ],
      [
       -98.953025,
       26.390091
      ],
      [
       -98.953021,
       26.390761
      ],
      [
       -98.95315,
       26.391442
      ],
      [
       -98.953237,
       26.392211
      ],
      [
       -98.95346,
       26.392817
      ],
      [
       -98.953745,
       26.393368
      ],
      [
       -98.954181,
       26.393943
      ],
      [
       -98.954809,
       26.3945
      ],
      [
       -98.95536,
       26.394925
      ],
      [
       -98.956178,
       26.395436
      ],
      [
       -98.957253,
       26.395992
      ],
      [
       -98.958743,
       26.396772
      ],
      [
       -98.959772,
       26.397309
      ],
      [
       -98.959821,
       26.397344
      ]
     ]
    ]
   }
  },
  {
   "type": "Feature",
   "id": "d525dbfa-ff82-4edf-b227-cf174a0a7be3",
   "properties": {
    "name": "RGV-MCS 008",
    "color": "#ff0000",
    "enabled": true,
    "created_at": "2024-08-06T20:29:04.680245",
    "updated_at": "2024-08-06T20:29:04.680248"
   },
   "geometry": {
    "type": "Polygon",
    "coordinates": [
     [
      [
       -98.403008,
       26.21197
      ],
      [
       -98.407999,
       26.183436
      ],
      [
       -98.40785,
       26.183268
      ],
      [
       -98.405617,
       26.182906
      ],
      [
       -98.404371,
       26.182287
      ],
      [
       -98.402908,
       26.181524
      ],
      [
       -98.401983,
       26.180578
      ],
      [
       -98.40158,
       26.179302
      ],
      [
       -98.401737,
       26.178121
      ],
      [
       -98.402076,
       26.177121
      ],
      [
       -98.40248,
       26.176334
      ],
      [
       -98.402796,
       26.175204
      ],
      [
       -98.402863,
       26.173924
      ],
      [
       -98.402721,
       26.1729
      ],
      [
       -98.402422,
       26.171983
      ],
      [
       -98.401852,
       26.170845
      ],
      [
       -98.40102,
       26.170068
      ],
      [
       -98.39987,
       26.169944
      ],
      [
       -98.398657,
       26.170408
      ],
      [
       -98.397573,
       26.170405
      ],
      [
       -98.396607,
       26.169927
      ],
      [
       -98.394959,
       26.168958
      ],
      [
       -98.3938,
       26.168049
      ],
      [
       -98.392392,
       26.16672
      ],
      [
       -98.390709,
       26.164556
      ],
      [
       -98.390111,
       26.162982
      ],
      [
       -98.389247,
       26.161234
      ],
      [
       -98.388224,
       26.159413
      ],
      [
       -98.387287,
       26.15819
      ],
      [
       -98.386146,
       26.157484
      ],
      [
       -98.384939,
       26.156983
      ],
      [
       -98.382578,
       26.156668
      ],
      [
       -98.379104,
       26.156986
      ],
      [
       -98.374899,
       26.157543
      ],
      [
       -98.372043,
       26.157529
      ],
      [
       -98.370749,
       26.157389
      ],
      [
       -98.368951,
       26.157392
      ],
      [
       -98.366586,
       26.157707
      ],
      [
       -98.36532,
       26.158258
      ],
      [
       -98.364523,
       26.159643
      ],
      [
       -98.364193,
       26.161861
      ],
      [
       -98.364752,
       26.16418
      ],
      [
       -98.36584,
       26.165554
      ],
      [
       -98.367102,
       26.166851
      ],
      [
       -98.367393,
       26.168087
      ],
      [
       -98.366768,
       26.169282
      ],
      [
       -98.365498,
       26.169906
      ],
      [
       -98.364265,
       26.170335
      ],
      [
       -98.362953,
       26.171314
      ],
      [
       -98.361024,
       26.172439
      ],
      [
       -98.359495,
       26.172538
      ],
      [
       -98.358443,
       26.171496
      ],
      [
       -98.35758,
       26.169551
      ],
      [
       -98.357304,
       26.167242
      ],
      [
       -98.357503,
       26.165786
      ],
      [
       -98.358141,
       26.163643
      ],
      [
       -98.358616,
       26.161497
      ],
      [
       -98.358517,
       26.15928
      ],
      [
       -98.357532,
       26.157176
      ],
      [
       -98.356451,
       26.155846
      ],
      [
       -98.355435,
       26.154345
      ],
      [
       -98.353378,
       26.151692
      ],
      [
       -98.352663,
       26.151166
      ],
      [
       -98.351176,
       26.151271
      ],
      [
       -98.350275,
       26.15165
      ],
      [
       -98.349394,
       26.152491
      ],
      [
       -98.348778,
       26.153611
      ],
      [
       -98.348679,
       26.154899
      ],
      [
       -98.348692,
       26.15608
      ],
      [
       -98.34877,
       26.157472
      ],
      [
       -98.348481,
       26.161211
      ],
      [
       -98.348198,
       26.16251
      ],
      [
       -98.347452,
       26.164335
      ],
      [
       -98.345914,
       26.166195
      ],
      [
       -98.344296,
       26.167039
      ],
      [
       -98.342394,
       26.167078
      ],
      [
       -98.34139,
       26.1668
      ],
      [
       -98.339608,
       26.16676
      ],
      [
       -98.33693,
       26.166469
      ],
      [
       -98.3349,
       26.165256
      ],
      [
       -98.334577,
       26.166295
      ],
      [
       -98.333683,
       26.169758
      ],
      [
       -98.333872,
       26.170489
      ],
      [
       -98.333761,
       26.171474
      ],
      [
       -98.333377,
       26.172455
      ],
      [
       -98.332964,
       26.173816
      ],
      [
       -98.332354,
       26.177364
      ],
      [
       -98.331751,
       26.180822
      ],
      [
       -98.330271,
       26.190569
      ],
      [
       -98.329607,
       26.194705
      ],
      [
       -98.340856,
       26.196147
      ],
      [
       -98.348359,
       26.199776
      ],
      [
       -98.361451,
       26.201641
      ],
      [
       -98.371177,
       26.199985
      ],
      [
       -98.376188,
       26.198131
      ],
      [
       -98.383333,
       26.204588
      ],
      [
       -98.392083,
       26.209346
      ],
      [
       -98.403008,
       26.21197
      ]
     ]
    ]
   }
  },
  {
   "type": "Feature",
   "id": "d707e2ce-eff1-4268-ae6a-2a1b2b4a5f1b",
   "properties": {
    "name": "RGV-RGC 004",
    "color": "#ff0000",
    "enabled": true,
    "created_at": "2024-08-06T20:05:22.870329",
    "updated_at": "2024-08-06T20:05:22.870333"
   },
   "geometry": {
    "type": "Polygon",
    "coordinates": [
     [
      [
       -98.83304,
       26.39893
      ],
      [
       -98.829696,
       26.39454
      ],
      [
       -98.820724,
       26.392214
      ],
      [
       -98.809015,
       26.387772
      ],
      [
       -98.814525,
       26.378796
      ],
      [
       -98.811933,
       26.377751
      ],
      [
       -98.81412,
       26.365948
      ],
      [
       -98.811487,
       26.365925
      ],
      [
       -98.806838,
       26.367802
      ],
      [
       -98.805004,
       26.367803
      ],
      [
       -98.801887,
       26.365109
      ],
      [
       -98.799202,
       26.361544
      ],
      [
       -98.797787,
       26.357652
      ],
      [
       -98.797321,
       26.352871
      ],
      [
       -98.796315,
       26.348842
      ],
      [
       -98.793008,
       26.343416
      ],
      [
       -98.790245,
       26.340253
      ],
      [
       -98.788644,
       26.338691
      ],
      [
       -98.787908,
       26.336594
      ],
      [
       -98.787933,
       26.334836
      ],
      [
       -98.788737,
       26.33318
      ],
      [
       -98.789159,
       26.33235
      ],
      [
       -98.789232,
       26.331617
      ],
      [
       -98.78899,
       26.330736
      ],
      [
       -98.787952,
       26.329879
      ],
      [
       -98.786462,
       26.329597
      ],
      [
       -98.785893,
       26.329601
      ],
      [
       -98.783716,
       26.328178
      ],
      [
       -98.780351,
       26.326739
      ],
      [
       -98.777046,
       26.325539
      ],
      [
       -98.774967,
       26.324945
      ],
      [
       -98.773,
       26.325015
      ],
      [
       -98.770788,
       26.324933
      ],
      [
       -98.768776,
       26.325021
      ],
      [
       -98.76648,
       26.325374
      ],
      [
       -98.764959,
       26.325895
      ],
      [
       -98.761294,
       26.327439
      ],
      [
       -98.75967,
       26.32849
      ],
      [
       -98.758228,
       26.32957
      ],
      [
       -98.75648,
       26.330522
      ],
      [
       -98.754752,
       26.331394
      ],
      [
       -98.751713,
       26.331517
      ],
      [
       -98.750125,
       26.330752
      ],
      [
       -98.749372,
       26.329825
      ],
      [
       -98.748962,
       26.328683
      ],
      [
       -98.749275,
       26.326867
      ],
      [
       -98.7496,
       26.32593
      ],
      [
       -98.7497,
       26.324689
      ],
      [
       -98.749393,
       26.32365
      ],
      [
       -98.748708,
       26.321869
      ],
      [
       -98.747645,
       26.319372
      ],
      [
       -98.745865,
       26.316657
      ],
      [
       -98.743808,
       26.314665
      ],
      [
       -98.738893,
       26.313741
      ],
      [
       -98.737023,
       26.312086
      ],
      [
       -98.736389,
       26.310229
      ],
      [
       -98.736429,
       26.306703
      ],
      [
       -98.737485,
       26.30456
      ],
      [
       -98.73874,
       26.303268
      ],
      [
       -98.740656,
       26.302666
      ],
      [
       -98.743076,
       26.302675
      ],
      [
       -98.745058,
       26.303485
      ],
      [
       -98.747379,
       26.305563
      ],
      [
       -98.749948,
       26.307262
      ],
      [
       -98.751867,
       26.308199
      ],
      [
       -98.753966,
       26.308299
      ],
      [
       -98.755436,
       26.307189
      ],
      [
       -98.756048,
       26.305376
      ],
      [
       -98.756391,
       26.303495
      ],
      [
       -98.75497,
       26.301451
      ],
      [
       -98.753116,
       26.300084
      ],
      [
       -98.751585,
       26.297096
      ],
      [
       -98.750083,
       26.295445
      ],
      [
       -98.748025,
       26.29472
      ],
      [
       -98.744746,
       26.294068
      ],
      [
       -98.741607,
       26.294059
      ],
      [
       -98.73927,
       26.29476
      ],
      [
       -98.737691,
       26.295955
      ],
      [
       -98.737284,
       26.297007
      ],
      [
       -98.73592,
       26.297812
      ],
      [
       -98.733249,
       26.298916
      ],
      [
       -98.729949,
       26.29918
      ],
      [
       -98.726527,
       26.298378
      ],
      [
       -98.723688,
       26.296792
      ],
      [
       -98.721656,
       26.294757
      ],
      [
       -98.720029,
       26.291205
      ],
      [
       -98.719224,
       26.288666
      ],
      [
       -98.717708,
       26.286723
      ],
      [
       -98.715951,
       26.285945
      ],
      [
       -98.714098,
       26.286236
      ],
      [
       -98.71215,
       26.287137
      ],
      [
       -98.710696,
       26.288099
      ],
      [
       -98.708985,
       26.289226
      ],
      [
       -98.707505,
       26.289232
      ],
      [
       -98.705747,
       26.288574
      ],
      [
       -98.703992,
       26.287857
      ],
      [
       -98.701727,
       26.286207
      ],
      [
       -98.699169,
       26.287439
      ],
      [
       -98.700257,
       26.287915
      ],
      [
       -98.700722,
       26.288718
      ],
      [
       -98.701281,
       26.289507
      ],
      [
       -98.692973,
       26.294361
      ],
      [
       -98.69307,
       26.296866
      ],
      [
       -98.693682,
       26.297384
      ],
      [
       -98.693688,
       26.297991
      ],
      [
       -98.69065,
       26.301567
      ],
      [
       -98.690031,
       26.305096
      ],
      [
       -98.691223,
       26.309515
      ],
      [
       -98.690284,
       26.314222
      ],
      [
       -98.690233,
       26.314264
      ],
      [
       -98.695792,
       26.316297
      ],
      [
       -98.701322,
       26.317872
      ],
      [
       -98.706404,
       26.321455
      ],
      [
       -98.710667,
       26.328931
      ],
      [
       -98.717723,
       26.335862
      ],
      [
       -98.723706,
       26.347482
      ],
      [
       -98.736291,
       26.357142
      ],
      [
       -98.752964,
       26.360654
      ],
      [
       -98.765205,
       26.358847
      ],
      [
       -98.765505,
       26.359134
      ],
      [
       -98.768039,
       26.37046
      ],
      [
       -98.777571,
       26.38429
      ],
      [
       -98.788583,
       26.392902
      ],
      [
       -98.805816,
       26.397193
      ],
      [
       -98.81231,
       26.399154
      ],
      [
       -98.820616,
       26.400263
      ],
      [
       -98.827304,
       26.399843
      ],
      [
       -98.83304,
       26.39893
      ]
     ]
    ]
   }
  },
  {
   "type": "Feature",
   "id": "e7b62129-4dea-4422-8ba6-b89a9dd3c338",
   "properties": {
    "name": "CHU",
    "color": "#ff0000",
    "enabled": true,
    "created_at": "2025-02-18T20:19:54.163991",
    "updated_at": "2025-02-18T20:19:54.163994"
   },
   "geometry": {
    "type": "Polygon",
    "coordinates": [
     [
      [
       -117.041516,
       32.558497
      ],
      [
       -117.039027,
       32.549309
      ],
      [
       -117.028899,
       32.542291
      ],
      [
       -116.93809,
       32.54996
      ],
      [
       -116.865735,
       32.556399
      ],
      [
       -116.883416,
       32.635797
      ],
      [
       -116.918864,
       32.634207
      ],
      [
       -116.928735,
       32.647795
      ],
      [
       -116.938477,
       32.645898
      ],
      [
       -116.938477,
       32.645889
      ],
      [
       -116.945729,
       32.64447
      ],
      [
       -116.944871,
       32.625894
      ],
      [
       -116.958776,
       32.613026
      ],
      [
       -116.967616,
       32.610785
      ],
      [
       -116.964147,
       32.583849
      ],
      [
       -116.964161,
       32.583849
      ],
      [
       -116.962037,
       32.567467
      ],
      [
       -117.026367,
       32.567647
      ],
      [
       -117.026367,
       32.567648
      ],
      [
       -117.0398,
       32.567684
      ],
      [
       -117.041516,
       32.558497
      ]
     ]
    ]
   }
  },
  {
   "type": "Feature",
   "id": "f1209053-73cf-4c12-8930-62535aa1a68c",
   "properties": {
    "name": "RGV-MX BZ 5",
    "color": "#ff0000",
    "enabled": true,
    "created_at": "2024-08-06T22:21:50.587048",
    "updated_at": "2024-08-06T22:21:50.587051"
   },
   "geometry": {
    "type": "Polygon",
    "coordinates": [
     [
      [
       -98.701748,
       26.286142
      ],
      [
       -98.705935,
       26.284422
      ],
      [
       -98.751214,
       26.265514
      ],
      [
       -98.750572,
       26.263512
      ],
      [
       -98.749072,
       26.260235
      ],
      [
       -98.7446,
       26.253983
      ],
      [
       -98.735885,
       26.247021
      ],
      [
       -98.727004,
       26.243105
      ],
      [
       -98.719134,
       26.240294
      ],
      [
       -98.714524,
       26.239456
      ],
      [
       -98.710088,
       26.238039
      ],
      [
       -98.707849,
       26.23237
      ],
      [
       -98.702563,
       26.224427
      ],
      [
       -98.695469,
       26.217397
      ],
      [
       -98.685644,
       26.211258
      ],
      [
       -98.676548,
       26.207893
      ],
      [
       -98.66723,
       26.20635
      ],
      [
       -98.658077,
       26.206401
      ],
      [
       -98.648618,
       26.207455
      ],
      [
       -98.639213,
       26.210276
      ],
      [
       -98.633985,
       26.212946
      ],
      [
       -98.627663,
       26.213847
      ],
      [
       -98.620987,
       26.215996
      ],
      [
       -98.618,
       26.217394
      ],
      [
       -98.610721,
       26.217842
      ],
      [
       -98.606605,
       26.218797
      ],
      [
       -98.586481,
       26.25778
      ],
      [
       -98.587624,
       26.257837
      ],
      [
       -98.589904,
       26.257714
      ],
      [
       -98.589914,
       26.257722
      ],
      [
       -98.591518,
       26.257693
      ],
      [
       -98.593844,
       26.257924
      ],
      [
       -98.596348,
       26.258081
      ],
      [
       -98.597743,
       26.258014
      ],
      [
       -98.599832,
       26.257562
      ],
      [
       -98.600624,
       26.25715
      ],
      [
       -98.600633,
       26.257149
      ],
      [
       -98.601635,
       26.256455
      ],
      [
       -98.602772,
       26.25581
      ],
      [
       -98.602809,
       26.255807
      ],
      [
       -98.604017,
       26.255364
      ],
      [
       -98.60495,
       26.255003
      ],
      [
       -98.6054,
       26.254764
      ],
      [
       -98.605961,
       26.254186
      ],
      [
       -98.606314,
       26.25381
      ],
      [
       -98.607026,
       26.25347
      ],
      [
       -98.607699,
       26.253347
      ],
      [
       -98.608566,
       26.253291
      ],
      [
       -98.609473,
       26.253394
      ],
      [
       -98.610398,
       26.253512
      ],
      [
       -98.611159,
       26.253497
      ],
      [
       -98.611968,
       26.25326
      ],
      [
       -98.612518,
       26.252763
      ],
      [
       -98.612914,
       26.252358
      ],
      [
       -98.613231,
       26.251811
      ],
      [
       -98.613277,
       26.251485
      ],
      [
       -98.613451,
       26.250501
      ],
      [
       -98.613487,
       26.249734
      ],
      [
       -98.613658,
       26.249035
      ],
      [
       -98.613885,
       26.248514
      ],
      [
       -98.614114,
       26.247907
      ],
      [
       -98.614386,
       26.247435
      ],
      [
       -98.614853,
       26.247114
      ],
      [
       -98.615324,
       26.246803
      ],
      [
       -98.616,
       26.24652
      ],
      [
       -98.616571,
       26.246428
      ],
      [
       -98.617166,
       26.246558
      ],
      [
       -98.617781,
       26.247056
      ],
      [
       -98.618273,
       26.247857
      ],
      [
       -98.618512,
       26.249013
      ],
      [
       -98.618534,
       26.25001
      ],
      [
       -98.618571,
       26.250946
      ],
      [
       -98.618741,
       26.252267
      ],
      [
       -98.619139,
       26.253645
      ],
      [
       -98.619707,
       26.255053
      ],
      [
       -98.620583,
       26.256513
      ],
      [
       -98.62118,
       26.257458
      ],
      [
       -98.621455,
       26.258229
      ],
      [
       -98.621451,
       26.25897
      ],
      [
       -98.621745,
       26.259389
      ],
      [
       -98.622223,
       26.259729
      ],
      [
       -98.622651,
       26.259873
      ],
      [
       -98.623127,
       26.259918
      ],
      [
       -98.623761,
       26.259848
      ],
      [
       -98.624444,
       26.259605
      ],
      [
       -98.624902,
       26.259213
      ],
      [
       -98.625482,
       26.258595
      ],
      [
       -98.626003,
       26.2578
      ],
      [
       -98.626616,
       26.256858
      ],
      [
       -98.627011,
       26.256363
      ],
      [
       -98.627725,
       26.25566
      ],
      [
       -98.628715,
       26.254903
      ],
      [
       -98.629482,
       26.25442
      ],
      [
       -98.63047,
       26.253812
      ],
      [
       -98.631101,
       26.253377
      ],
      [
       -98.631789,
       26.252719
      ],
      [
       -98.632199,
       26.25219
      ],
      [
       -98.632581,
       26.251549
      ],
      [
       -98.632873,
       26.250918
      ],
      [
       -98.633047,
       26.250324
      ],
      [
       -98.633101,
       26.249552
      ],
      [
       -98.633172,
       26.248809
      ],
      [
       -98.633192,
       26.248432
      ],
      [
       -98.633241,
       26.247971
      ],
      [
       -98.633105,
       26.24768
      ],
      [
       -98.633091,
       26.247072
      ],
      [
       -98.633073,
       26.246267
      ],
      [
       -98.632963,
       26.244629
      ],
      [
       -98.633009,
       26.244378
      ],
      [
       -98.633031,
       26.244151
      ],
      [
       -98.633144,
       26.243848
      ],
      [
       -98.633387,
       26.243431
      ],
      [
       -98.633543,
       26.24321
      ],
      [
       -98.633803,
       26.242914
      ],
      [
       -98.634066,
       26.242656
      ],
      [
       -98.634444,
       26.242424
      ],
      [
       -98.635018,
       26.242169
      ],
      [
       -98.635754,
       26.241984
      ],
      [
       -98.636504,
       26.241922
      ],
      [
       -98.638835,
       26.241916
      ],
      [
       -98.640235,
       26.241965
      ],
      [
       -98.640742,
       26.241981
      ],
      [
       -98.641762,
       26.241922
      ],
      [
       -98.642402,
       26.241806
      ],
      [
       -98.643116,
       26.241664
      ],
      [
       -98.645152,
       26.24115
      ],
      [
       -98.64601,
       26.240852
      ],
      [
       -98.647007,
       26.240465
      ],
      [
       -98.647867,
       26.240067
      ],
      [
       -98.648906,
       26.239317
      ],
      [
       -98.64971,
       26.238691
      ],
      [
       -98.650346,
       26.238195
      ],
      [
       -98.651319,
       26.237459
      ],
      [
       -98.652066,
       26.236946
      ],
      [
       -98.652862,
       26.23658
      ],
      [
       -98.653812,
       26.236231
      ],
      [
       -98.65383,
       26.236224
      ],
      [
       -98.654278,
       26.23609
      ],
      [
       -98.655086,
       26.235951
      ],
      [
       -98.656058,
       26.235766
      ],
      [
       -98.658625,
       26.23555
      ],
      [
       -98.660733,
       26.235366
      ],
      [
       -98.662005,
       26.235309
      ],
      [
       -98.662936,
       26.235321
      ],
      [
       -98.664195,
       26.235292
      ],
      [
       -98.665528,
       26.235401
      ],
      [
       -98.666749,
       26.235572
      ],
      [
       -98.668001,
       26.235896
      ],
      [
       -98.669393,
       26.236448
      ],
      [
       -98.671025,
       26.237234
      ],
      [
       -98.672529,
       26.238157
      ],
      [
       -98.673679,
       26.238812
      ],
      [
       -98.675025,
       26.239859
      ],
      [
       -98.675544,
       26.240398
      ],
      [
       -98.676609,
       26.241598
      ],
      [
       -98.677582,
       26.242809
      ],
      [
       -98.678426,
       26.244184
      ],
      [
       -98.678703,
       26.244779
      ],
      [
       -98.678994,
       26.245842
      ],
      [
       -98.679384,
       26.247773
      ],
      [
       -98.679576,
       26.248948
      ],
      [
       -98.679442,
       26.249846
      ],
      [
       -98.679093,
       26.25102
      ],
      [
       -98.678594,
       26.252008
      ],
      [
       -98.677974,
       26.253623
      ],
      [
       -98.677795,
       26.254261
      ],
      [
       -98.677641,
       26.255464
      ],
      [
       -98.67772,
       26.256825
      ],
      [
       -98.677975,
       26.257877
      ],
      [
       -98.678598,
       26.259551
      ],
      [
       -98.67929,
       26.260967
      ],
      [
       -98.679757,
       26.26164
      ],
      [
       -98.680388,
       26.262357
      ],
      [
       -98.681661,
       26.263212
      ],
      [
       -98.682618,
       26.263737
      ],
      [
       -98.683612,
       26.2643
      ],
      [
       -98.684459,
       26.264594
      ],
      [
       -98.685721,
       26.264974
      ],
      [
       -98.686978,
       26.265217
      ],
      [
       -98.688194,
       26.265292
      ],
      [
       -98.689331,
       26.265147
      ],
      [
       -98.690525,
       26.264962
      ],
      [
       -98.691515,
       26.264899
      ],
      [
       -98.693907,
       26.26492
      ],
      [
       -98.69602,
       26.265135
      ],
      [
       -98.698796,
       26.265435
      ],
      [
       -98.700336,
       26.26579
      ],
      [
       -98.702619,
       26.266437
      ],
      [
       -98.704918,
       26.267226
      ],
      [
       -98.705956,
       26.267557
      ],
      [
       -98.707239,
       26.2679
      ],
      [
       -98.708313,
       26.268052
      ],
      [
       -98.70961,
       26.268191
      ],
      [
       -98.710502,
       26.268347
      ],
      [
       -98.712125,
       26.268912
      ],
      [
       -98.71332,
       26.269434
      ],
      [
       -98.714685,
       26.269986
      ],
      [
       -98.716446,
       26.270635
      ],
      [
       -98.71779,
       26.271163
      ],
      [
       -98.718442,
       26.271472
      ],
      [
       -98.719201,
       26.271989
      ],
      [
       -98.71983,
       26.272573
      ],
      [
       -98.720051,
       26.272871
      ],
      [
       -98.720162,
       26.273183
      ],
      [
       -98.720309,
       26.27386
      ],
      [
       -98.720336,
       26.274593
      ],
      [
       -98.720248,
       26.27511
      ],
      [
       -98.720057,
       26.275734
      ],
      [
       -98.719746,
       26.276275
      ],
      [
       -98.719551,
       26.276577
      ],
      [
       -98.71899,
       26.277102
      ],
      [
       -98.718499,
       26.277515
      ],
      [
       -98.717902,
       26.277834
      ],
      [
       -98.717394,
       26.278031
      ],
      [
       -98.716331,
       26.278296
      ],
      [
       -98.715125,
       26.278578
      ],
      [
       -98.714127,
       26.278735
      ],
      [
       -98.713053,
       26.278968
      ],
      [
       -98.712196,
       26.279048
      ],
      [
       -98.711267,
       26.279042
      ],
      [
       -98.710606,
       26.278976
      ],
      [
       -98.709817,
       26.278819
      ],
      [
       -98.708824,
       26.278599
      ],
      [
       -98.707929,
       26.278287
      ],
      [
       -98.70726,
       26.278006
      ],
      [
       -98.70639,
       26.277666
      ],
      [
       -98.705691,
       26.277459
      ],
      [
       -98.704752,
       26.277339
      ],
      [
       -98.703831,
       26.27727
      ],
      [
       -98.703041,
       26.277297
      ],
      [
       -98.70255,
       26.277352
      ],
      [
       -98.702,
       26.277454
      ],
      [
       -98.70152,
       26.27763
      ],
      [
       -98.700983,
       26.277945
      ],
      [
       -98.700604,
       26.27841
      ],
      [
       -98.700304,
       26.278904
      ],
      [
       -98.700079,
       26.279519
      ],
      [
       -98.699872,
       26.280344
      ],
      [
       -98.699874,
       26.28098
      ],
      [
       -98.700043,
       26.282126
      ],
      [
       -98.700241,
       26.282968
      ],
      [
       -98.700333,
       26.283561
      ],
      [
       -98.700552,
       26.284238
      ],
      [
       -98.70107,
       26.28532
      ],
      [
       -98.701508,
       26.285935
      ],
      [
       -98.701748,
       26.286142
      ]
     ]
    ]
   }
  },
  {
   "type": "Feature",
   "id": "f50582dc-533a-49b3-b68a-effebf31d19f",
   "properties": {
    "name": "OTM-US",
    "color": "#ff0000",
    "enabled": true,
    "created_at": "2025-04-23T15:57:46.273985",
    "updated_at": "2025-04-23T15:57:46.273989"
   },
   "geometry": {
    "type": "Polygon",
    "coordinates": [
     [
      [
       -116.945132,
       32.549698
      ],
      [
       -116.945068,
       32.552972
      ],
      [
       -116.925949,
       32.552791
      ],
      [
       -116.925949,
       32.551254
      ],
      [
       -116.945132,
       32.549698
      ]
     ]
    ]
   }
  },
  {
   "type": "Feature",
   "id": "f9ac2a86-0266-4322-b771-18e41832a396",
   "properties": {
    "name": "OTM-MX",
    "color": "#ff0000",
    "enabled": true,
    "created_at": "2025-04-23T15:57:09.185267",
    "updated_at": "2025-04-23T15:57:09.185270"
   },
   "geometry": {
    "type": "Polygon",
    "coordinates": [
     [
      [
       -116.945154,
       32.549662
      ],
      [
       -116.945116,
       32.549128
      ],
      [
       -116.945116,
       32.549128
      ],
      [
       -116.945025,
       32.547835
      ],
      [
       -116.939188,
       32.54829
      ],
      [
       -116.930237,
       32.548985
      ],
      [
       -116.930237,
       32.548985
      ],
      [
       -116.925949,
       32.549318
      ],
      [
       -116.925971,
       32.551236
      ],
      [
       -116.930237,
       32.550886
      ],
      [
       -116.930237,
       32.550886
      ],
      [
       -116.93573,
       32.550435
      ],
      [
       -116.93573,
       32.550435
      ],
      [
       -116.945154,
       32.549662
      ]
     ]
    ]
   }
  },
  {
   "type": "Feature",
   "id": "019e7931-5ba8-75fc-b2d9-f1ad58f52342",
   "properties": {
    "name": "KC FIFA WC - 1 Mile Radius",
    "color": "#ff0000",
    "enabled": true,
    "created_at": "2026-05-30T14:02:18.408874",
    "updated_at": "2026-06-11T20:48:21.263347"
   },
   "geometry": {
    "type": "Polygon",
    "coordinates": [
     [
      [
       -94.485725,
       39.06331
      ],
      [
       -94.487535,
       39.063102
      ],
      [
       -94.48931,
       39.062756
      ],
      [
       -94.491034,
       39.062277
      ],
      [
       -94.492688,
       39.06167
      ],
      [
       -94.494258,
       39.060939
      ],
      [
       -94.495728,
       39.060092
      ],
      [
       -94.497084,
       39.059138
      ],
      [
       -94.498313,
       39.058085
      ],
      [
       -94.499403,
       39.056943
      ],
      [
       -94.500343,
       39.055724
      ],
      [
       -94.501125,
       39.054439
      ],
      [
       -94.501742,
       39.053101
      ],
      [
       -94.502186,
       39.051722
      ],
      [
       -94.502454,
       39.050316
      ],
      [
       -94.502543,
       39.048897
      ],
      [
       -94.502453,
       39.047478
      ],
      [
       -94.502184,
       39.046072
      ],
      [
       -94.501739,
       39.044693
      ],
      [
       -94.501123,
       39.043355
      ],
      [
       -94.50034,
       39.042071
      ],
      [
       -94.499399,
       39.040852
      ],
      [
       -94.498309,
       39.039711
      ],
      [
       -94.49708,
       39.038658
      ],
      [
       -94.495724,
       39.037704
      ],
      [
       -94.494254,
       39.036857
      ],
      [
       -94.492685,
       39.036127
      ],
      [
       -94.491031,
       39.035519
      ],
      [
       -94.489308,
       39.035041
      ],
      [
       -94.487534,
       39.034695
      ],
      [
       -94.485724,
       39.034487
      ],
      [
       -94.483896,
       39.034417
      ],
      [
       -94.482069,
       39.034487
      ],
      [
       -94.480259,
       39.034695
      ],
      [
       -94.478485,
       39.035041
      ],
      [
       -94.476762,
       39.035519
      ],
      [
       -94.475108,
       39.036127
      ],
      [
       -94.473539,
       39.036857
      ],
      [
       -94.472069,
       39.037704
      ],
      [
       -94.470713,
       39.038658
      ],
      [
       -94.469484,
       39.039711
      ],
      [
       -94.468394,
       39.040852
      ],
      [
       -94.467453,
       39.042071
      ],
      [
       -94.46667,
       39.043355
      ],
      [
       -94.466054,
       39.044693
      ],
      [
       -94.465609,
       39.046072
      ],
      [
       -94.46534,
       39.047478
      ],
      [
       -94.46525,
       39.048897
      ],
      [
       -94.465339,
       39.050316
      ],
      [
       -94.465607,
       39.051722
      ],
      [
       -94.466051,
       39.053101
      ],
      [
       -94.466668,
       39.054439
      ],
      [
       -94.46745,
       39.055724
      ],
      [
       -94.46839,
       39.056943
      ],
      [
       -94.46948,
       39.058085
      ],
      [
       -94.470709,
       39.059138
      ],
      [
       -94.472065,
       39.060092
      ],
      [
       -94.473535,
       39.060939
      ],
      [
       -94.475105,
       39.06167
      ],
      [
       -94.476759,
       39.062277
      ],
      [
       -94.478482,
       39.062756
      ],
      [
       -94.480258,
       39.063102
      ],
      [
       -94.482068,
       39.06331
      ],
      [
       -94.485725,
       39.06331
      ]
     ]
    ]
   }
  }
 ]
}